SID,wave,item,Inventory,Trait,Facet,Reverse,Mini,Maxi,Modified Item,word
01,3,Q69,COVID Behavior Change,Different Behaviors,diffBeh,NA,NA,NA,Which of your current behaviors are most different from your behaviors pre-COVID-19?,isolated
01,3,Q69,COVID Behavior Change,Different Behaviors,diffBeh,NA,NA,NA,Which of your current behaviors are most different from your behaviors pre-COVID-19?,extroverted
01,3,Q69,COVID Behavior Change,Different Behaviors,diffBeh,NA,NA,NA,Which of your current behaviors are most different from your behaviors pre-COVID-19?,tempermental
01,3,Q71,COVID Behavior Change,New Behaviors,newBeh,NA,NA,NA,What do you do now that didn't do before COVID-19?,live
01,3,Q71,COVID Behavior Change,New Behaviors,newBeh,NA,NA,NA,What do you do now that didn't do before COVID-19?,home
01,3,Q71,COVID Behavior Change,New Behaviors,newBeh,NA,NA,NA,What do you do now that didn't do before COVID-19?,cook
01,3,Q71,COVID Behavior Change,New Behaviors,newBeh,NA,NA,NA,What do you do now that didn't do before COVID-19?,meals
01,3,Q71,COVID Behavior Change,New Behaviors,newBeh,NA,NA,NA,What do you do now that didn't do before COVID-19?,watch
01,3,Q71,COVID Behavior Change,New Behaviors,newBeh,NA,NA,NA,What do you do now that didn't do before COVID-19?,tv
01,3,Q71,COVID Behavior Change,New Behaviors,newBeh,NA,NA,NA,What do you do now that didn't do before COVID-19?,movies
01,3,Q71,COVID Behavior Change,New Behaviors,newBeh,NA,NA,NA,What do you do now that didn't do before COVID-19?,family
01,3,Q71,COVID Behavior Change,New Behaviors,newBeh,NA,NA,NA,What do you do now that didn't do before COVID-19?,talk
01,3,Q71,COVID Behavior Change,New Behaviors,newBeh,NA,NA,NA,What do you do now that didn't do before COVID-19?,grandparents
01,3,Q71,COVID Behavior Change,New Behaviors,newBeh,NA,NA,NA,What do you do now that didn't do before COVID-19?,friendship
01,3,Q71,COVID Behavior Change,New Behaviors,newBeh,NA,NA,NA,What do you do now that didn't do before COVID-19?,bracelets
01,3,Q71,COVID Behavior Change,New Behaviors,newBeh,NA,NA,NA,What do you do now that didn't do before COVID-19?,random
01,3,Q71,COVID Behavior Change,New Behaviors,newBeh,NA,NA,NA,What do you do now that didn't do before COVID-19?,crafts
01,3,Q71,COVID Behavior Change,New Behaviors,newBeh,NA,NA,NA,What do you do now that didn't do before COVID-19?,daily
01,3,Q71,COVID Behavior Change,New Behaviors,newBeh,NA,NA,NA,What do you do now that didn't do before COVID-19?,walks
01,3,Q71,COVID Behavior Change,New Behaviors,newBeh,NA,NA,NA,What do you do now that didn't do before COVID-19?,procrastinate
02,3,Q69,COVID Behavior Change,Different Behaviors,diffBeh,NA,NA,NA,Which of your current behaviors are most different from your behaviors pre-COVID-19?,staying
02,3,Q69,COVID Behavior Change,Different Behaviors,diffBeh,NA,NA,NA,Which of your current behaviors are most different from your behaviors pre-COVID-19?,indoors
02,3,Q69,COVID Behavior Change,Different Behaviors,diffBeh,NA,NA,NA,Which of your current behaviors are most different from your behaviors pre-COVID-19?,physically
02,3,Q69,COVID Behavior Change,Different Behaviors,diffBeh,NA,NA,NA,Which of your current behaviors are most different from your behaviors pre-COVID-19?,school
02,3,Q69,COVID Behavior Change,Different Behaviors,diffBeh,NA,NA,NA,Which of your current behaviors are most different from your behaviors pre-COVID-19?,exercise
02,3,Q71,COVID Behavior Change,New Behaviors,newBeh,NA,NA,NA,What do you do now that didn't do before COVID-19?,check
02,3,Q71,COVID Behavior Change,New Behaviors,newBeh,NA,NA,NA,What do you do now that didn't do before COVID-19?,news
02,3,Q71,COVID Behavior Change,New Behaviors,newBeh,NA,NA,NA,What do you do now that didn't do before COVID-19?,frequently
02,3,Q71,COVID Behavior Change,New Behaviors,newBeh,NA,NA,NA,What do you do now that didn't do before COVID-19?,read
02,3,Q71,COVID Behavior Change,New Behaviors,newBeh,NA,NA,NA,What do you do now that didn't do before COVID-19?,learn
02,3,Q71,COVID Behavior Change,New Behaviors,newBeh,NA,NA,NA,What do you do now that didn't do before COVID-19?,internet
03,3,Q69,COVID Behavior Change,Different Behaviors,diffBeh,NA,NA,NA,Which of your current behaviors are most different from your behaviors pre-COVID-19?,family
03,3,Q69,COVID Behavior Change,Different Behaviors,diffBeh,NA,NA,NA,Which of your current behaviors are most different from your behaviors pre-COVID-19?,constant
03,3,Q69,COVID Behavior Change,Different Behaviors,diffBeh,NA,NA,NA,Which of your current behaviors are most different from your behaviors pre-COVID-19?,school
03,3,Q69,COVID Behavior Change,Different Behaviors,diffBeh,NA,NA,NA,Which of your current behaviors are most different from your behaviors pre-COVID-19?,breaks
03,3,Q69,COVID Behavior Change,Different Behaviors,diffBeh,NA,NA,NA,Which of your current behaviors are most different from your behaviors pre-COVID-19?,phone
03,3,Q69,COVID Behavior Change,Different Behaviors,diffBeh,NA,NA,NA,Which of your current behaviors are most different from your behaviors pre-COVID-19?,screen
03,3,Q69,COVID Behavior Change,Different Behaviors,diffBeh,NA,NA,NA,Which of your current behaviors are most different from your behaviors pre-COVID-19?,time
03,3,Q69,COVID Behavior Change,Different Behaviors,diffBeh,NA,NA,NA,Which of your current behaviors are most different from your behaviors pre-COVID-19?,significantly
03,3,Q69,COVID Behavior Change,Different Behaviors,diffBeh,NA,NA,NA,Which of your current behaviors are most different from your behaviors pre-COVID-19?,increased
03,3,Q69,COVID Behavior Change,Different Behaviors,diffBeh,NA,NA,NA,Which of your current behaviors are most different from your behaviors pre-COVID-19?,amount
03,3,Q69,COVID Behavior Change,Different Behaviors,diffBeh,NA,NA,NA,Which of your current behaviors are most different from your behaviors pre-COVID-19?,procrastination
03,3,Q69,COVID Behavior Change,Different Behaviors,diffBeh,NA,NA,NA,Which of your current behaviors are most different from your behaviors pre-COVID-19?,engage
04,3,Q69,COVID Behavior Change,Different Behaviors,diffBeh,NA,NA,NA,Which of your current behaviors are most different from your behaviors pre-COVID-19?,avoiding
04,3,Q69,COVID Behavior Change,Different Behaviors,diffBeh,NA,NA,NA,Which of your current behaviors are most different from your behaviors pre-COVID-19?,people
04,3,Q69,COVID Behavior Change,Different Behaviors,diffBeh,NA,NA,NA,Which of your current behaviors are most different from your behaviors pre-COVID-19?,sense
04,3,Q69,COVID Behavior Change,Different Behaviors,diffBeh,NA,NA,NA,Which of your current behaviors are most different from your behaviors pre-COVID-19?,cleanliness
04,3,Q69,COVID Behavior Change,Different Behaviors,diffBeh,NA,NA,NA,Which of your current behaviors are most different from your behaviors pre-COVID-19?,inside
04,3,Q69,COVID Behavior Change,Different Behaviors,diffBeh,NA,NA,NA,Which of your current behaviors are most different from your behaviors pre-COVID-19?,day
04,3,Q69,COVID Behavior Change,Different Behaviors,diffBeh,NA,NA,NA,Which of your current behaviors are most different from your behaviors pre-COVID-19?,nice
04,3,Q71,COVID Behavior Change,New Behaviors,newBeh,NA,NA,NA,What do you do now that didn't do before COVID-19?,home
04,3,Q71,COVID Behavior Change,New Behaviors,newBeh,NA,NA,NA,What do you do now that didn't do before COVID-19?,run
04,3,Q71,COVID Behavior Change,New Behaviors,newBeh,NA,NA,NA,What do you do now that didn't do before COVID-19?,avoid
04,3,Q71,COVID Behavior Change,New Behaviors,newBeh,NA,NA,NA,What do you do now that didn't do before COVID-19?,people
04,3,Q71,COVID Behavior Change,New Behaviors,newBeh,NA,NA,NA,What do you do now that didn't do before COVID-19?,wash
04,3,Q71,COVID Behavior Change,New Behaviors,newBeh,NA,NA,NA,What do you do now that didn't do before COVID-19?,hands
04,3,Q71,COVID Behavior Change,New Behaviors,newBeh,NA,NA,NA,What do you do now that didn't do before COVID-19?,wash
04,3,Q71,COVID Behavior Change,New Behaviors,newBeh,NA,NA,NA,What do you do now that didn't do before COVID-19?,groceries
04,3,Q71,COVID Behavior Change,New Behaviors,newBeh,NA,NA,NA,What do you do now that didn't do before COVID-19?,wear
04,3,Q71,COVID Behavior Change,New Behaviors,newBeh,NA,NA,NA,What do you do now that didn't do before COVID-19?,mask
04,3,Q71,COVID Behavior Change,New Behaviors,newBeh,NA,NA,NA,What do you do now that didn't do before COVID-19?,wear
04,3,Q71,COVID Behavior Change,New Behaviors,newBeh,NA,NA,NA,What do you do now that didn't do before COVID-19?,gloves
05,3,Q69,COVID Behavior Change,Different Behaviors,diffBeh,NA,NA,NA,Which of your current behaviors are most different from your behaviors pre-COVID-19?,spending
05,3,Q69,COVID Behavior Change,Different Behaviors,diffBeh,NA,NA,NA,Which of your current behaviors are most different from your behaviors pre-COVID-19?,time
05,3,Q69,COVID Behavior Change,Different Behaviors,diffBeh,NA,NA,NA,Which of your current behaviors are most different from your behaviors pre-COVID-19?,friends
05,3,Q69,COVID Behavior Change,Different Behaviors,diffBeh,NA,NA,NA,Which of your current behaviors are most different from your behaviors pre-COVID-19?,amount
05,3,Q69,COVID Behavior Change,Different Behaviors,diffBeh,NA,NA,NA,Which of your current behaviors are most different from your behaviors pre-COVID-19?,time
05,3,Q69,COVID Behavior Change,Different Behaviors,diffBeh,NA,NA,NA,Which of your current behaviors are most different from your behaviors pre-COVID-19?,spend
05,3,Q71,COVID Behavior Change,New Behaviors,newBeh,NA,NA,NA,What do you do now that didn't do before COVID-19?,strengthening
05,3,Q71,COVID Behavior Change,New Behaviors,newBeh,NA,NA,NA,What do you do now that didn't do before COVID-19?,workouts
05,3,Q71,COVID Behavior Change,New Behaviors,newBeh,NA,NA,NA,What do you do now that didn't do before COVID-19?,cardio
05,3,Q71,COVID Behavior Change,New Behaviors,newBeh,NA,NA,NA,What do you do now that didn't do before COVID-19?,gardening
05,3,Q71,COVID Behavior Change,New Behaviors,newBeh,NA,NA,NA,What do you do now that didn't do before COVID-19?,cooking
05,3,Q71,COVID Behavior Change,New Behaviors,newBeh,NA,NA,NA,What do you do now that didn't do before COVID-19?,watching
05,3,Q71,COVID Behavior Change,New Behaviors,newBeh,NA,NA,NA,What do you do now that didn't do before COVID-19?,netflix
06,3,Q69,COVID Behavior Change,Different Behaviors,diffBeh,NA,NA,NA,Which of your current behaviors are most different from your behaviors pre-COVID-19?,sleeping
06,3,Q69,COVID Behavior Change,Different Behaviors,diffBeh,NA,NA,NA,Which of your current behaviors are most different from your behaviors pre-COVID-19?,schedule
06,3,Q69,COVID Behavior Change,Different Behaviors,diffBeh,NA,NA,NA,Which of your current behaviors are most different from your behaviors pre-COVID-19?,eating
06,3,Q69,COVID Behavior Change,Different Behaviors,diffBeh,NA,NA,NA,Which of your current behaviors are most different from your behaviors pre-COVID-19?,habits
07,3,Q69,COVID Behavior Change,Different Behaviors,diffBeh,NA,NA,NA,Which of your current behaviors are most different from your behaviors pre-COVID-19?,friends
07,3,Q69,COVID Behavior Change,Different Behaviors,diffBeh,NA,NA,NA,Which of your current behaviors are most different from your behaviors pre-COVID-19?,person
07,3,Q69,COVID Behavior Change,Different Behaviors,diffBeh,NA,NA,NA,Which of your current behaviors are most different from your behaviors pre-COVID-19?,eating
07,3,Q69,COVID Behavior Change,Different Behaviors,diffBeh,NA,NA,NA,Which of your current behaviors are most different from your behaviors pre-COVID-19?,meals
07,3,Q69,COVID Behavior Change,Different Behaviors,diffBeh,NA,NA,NA,Which of your current behaviors are most different from your behaviors pre-COVID-19?,hanging
07,3,Q69,COVID Behavior Change,Different Behaviors,diffBeh,NA,NA,NA,Which of your current behaviors are most different from your behaviors pre-COVID-19?,day
07,3,Q71,COVID Behavior Change,New Behaviors,newBeh,NA,NA,NA,What do you do now that didn't do before COVID-19?,live
07,3,Q71,COVID Behavior Change,New Behaviors,newBeh,NA,NA,NA,What do you do now that didn't do before COVID-19?,home
07,3,Q71,COVID Behavior Change,New Behaviors,newBeh,NA,NA,NA,What do you do now that didn't do before COVID-19?,stay
07,3,Q71,COVID Behavior Change,New Behaviors,newBeh,NA,NA,NA,What do you do now that didn't do before COVID-19?,indoors
07,3,Q71,COVID Behavior Change,New Behaviors,newBeh,NA,NA,NA,What do you do now that didn't do before COVID-19?,days
07,3,Q71,COVID Behavior Change,New Behaviors,newBeh,NA,NA,NA,What do you do now that didn't do before COVID-19?,time
07,3,Q71,COVID Behavior Change,New Behaviors,newBeh,NA,NA,NA,What do you do now that didn't do before COVID-19?,spend
07,3,Q71,COVID Behavior Change,New Behaviors,newBeh,NA,NA,NA,What do you do now that didn't do before COVID-19?,time
07,3,Q71,COVID Behavior Change,New Behaviors,newBeh,NA,NA,NA,What do you do now that didn't do before COVID-19?,friends
07,3,Q71,COVID Behavior Change,New Behaviors,newBeh,NA,NA,NA,What do you do now that didn't do before COVID-19?,person
07,3,Q71,COVID Behavior Change,New Behaviors,newBeh,NA,NA,NA,What do you do now that didn't do before COVID-19?,parents
07,3,Q71,COVID Behavior Change,New Behaviors,newBeh,NA,NA,NA,What do you do now that didn't do before COVID-19?,day
07,3,Q71,COVID Behavior Change,New Behaviors,newBeh,NA,NA,NA,What do you do now that didn't do before COVID-19?,watch
07,3,Q71,COVID Behavior Change,New Behaviors,newBeh,NA,NA,NA,What do you do now that didn't do before COVID-19?,episode
07,3,Q71,COVID Behavior Change,New Behaviors,newBeh,NA,NA,NA,What do you do now that didn't do before COVID-19?,tv
07,3,Q71,COVID Behavior Change,New Behaviors,newBeh,NA,NA,NA,What do you do now that didn't do before COVID-19?,day
07,3,Q71,COVID Behavior Change,New Behaviors,newBeh,NA,NA,NA,What do you do now that didn't do before COVID-19?,wake
07,3,Q71,COVID Behavior Change,New Behaviors,newBeh,NA,NA,NA,What do you do now that didn't do before COVID-19?,earlier
07,3,Q71,COVID Behavior Change,New Behaviors,newBeh,NA,NA,NA,What do you do now that didn't do before COVID-19?,classes
07,3,Q71,COVID Behavior Change,New Behaviors,newBeh,NA,NA,NA,What do you do now that didn't do before COVID-19?,online
07,3,Q71,COVID Behavior Change,New Behaviors,newBeh,NA,NA,NA,What do you do now that didn't do before COVID-19?,volunteer
07,3,Q71,COVID Behavior Change,New Behaviors,newBeh,NA,NA,NA,What do you do now that didn't do before COVID-19?,tutoring
07,3,Q71,COVID Behavior Change,New Behaviors,newBeh,NA,NA,NA,What do you do now that didn't do before COVID-19?,classes
07,3,Q71,COVID Behavior Change,New Behaviors,newBeh,NA,NA,NA,What do you do now that didn't do before COVID-19?,complete
07,3,Q71,COVID Behavior Change,New Behaviors,newBeh,NA,NA,NA,What do you do now that didn't do before COVID-19?,assignments
07,3,Q71,COVID Behavior Change,New Behaviors,newBeh,NA,NA,NA,What do you do now that didn't do before COVID-19?,online
08,3,Q69,COVID Behavior Change,Different Behaviors,diffBeh,NA,NA,NA,Which of your current behaviors are most different from your behaviors pre-COVID-19?,spending
08,3,Q69,COVID Behavior Change,Different Behaviors,diffBeh,NA,NA,NA,Which of your current behaviors are most different from your behaviors pre-COVID-19?,time
08,3,Q69,COVID Behavior Change,Different Behaviors,diffBeh,NA,NA,NA,Which of your current behaviors are most different from your behaviors pre-COVID-19?,family
08,3,Q69,COVID Behavior Change,Different Behaviors,diffBeh,NA,NA,NA,Which of your current behaviors are most different from your behaviors pre-COVID-19?,friends
08,3,Q71,COVID Behavior Change,New Behaviors,newBeh,NA,NA,NA,What do you do now that didn't do before COVID-19?,spending
08,3,Q71,COVID Behavior Change,New Behaviors,newBeh,NA,NA,NA,What do you do now that didn't do before COVID-19?,time
08,3,Q71,COVID Behavior Change,New Behaviors,newBeh,NA,NA,NA,What do you do now that didn't do before COVID-19?,family
09,3,Q69,COVID Behavior Change,Different Behaviors,diffBeh,NA,NA,NA,Which of your current behaviors are most different from your behaviors pre-COVID-19?,feel
09,3,Q69,COVID Behavior Change,Different Behaviors,diffBeh,NA,NA,NA,Which of your current behaviors are most different from your behaviors pre-COVID-19?,lot
09,3,Q69,COVID Behavior Change,Different Behaviors,diffBeh,NA,NA,NA,Which of your current behaviors are most different from your behaviors pre-COVID-19?,busy
09,3,Q69,COVID Behavior Change,Different Behaviors,diffBeh,NA,NA,NA,Which of your current behaviors are most different from your behaviors pre-COVID-19?,night
09,3,Q71,COVID Behavior Change,New Behaviors,newBeh,NA,NA,NA,What do you do now that didn't do before COVID-19?,home
09,3,Q71,COVID Behavior Change,New Behaviors,newBeh,NA,NA,NA,What do you do now that didn't do before COVID-19?,live
09,3,Q71,COVID Behavior Change,New Behaviors,newBeh,NA,NA,NA,What do you do now that didn't do before COVID-19?,bunch
09,3,Q71,COVID Behavior Change,New Behaviors,newBeh,NA,NA,NA,What do you do now that didn't do before COVID-19?,friends
10,3,Q69,COVID Behavior Change,Different Behaviors,diffBeh,NA,NA,NA,Which of your current behaviors are most different from your behaviors pre-COVID-19?,workout
10,3,Q69,COVID Behavior Change,Different Behaviors,diffBeh,NA,NA,NA,Which of your current behaviors are most different from your behaviors pre-COVID-19?,routine
10,3,Q69,COVID Behavior Change,Different Behaviors,diffBeh,NA,NA,NA,Which of your current behaviors are most different from your behaviors pre-COVID-19?,gym
10,3,Q69,COVID Behavior Change,Different Behaviors,diffBeh,NA,NA,NA,Which of your current behaviors are most different from your behaviors pre-COVID-19?,track
10,3,Q71,COVID Behavior Change,New Behaviors,newBeh,NA,NA,NA,What do you do now that didn't do before COVID-19?,stay
10,3,Q71,COVID Behavior Change,New Behaviors,newBeh,NA,NA,NA,What do you do now that didn't do before COVID-19?,home
10,3,Q71,COVID Behavior Change,New Behaviors,newBeh,NA,NA,NA,What do you do now that didn't do before COVID-19?,lot
11,3,Q71,COVID Behavior Change,New Behaviors,newBeh,NA,NA,NA,What do you do now that didn't do before COVID-19?,roommate
11,3,Q71,COVID Behavior Change,New Behaviors,newBeh,NA,NA,NA,What do you do now that didn't do before COVID-19?,moved
11,3,Q71,COVID Behavior Change,New Behaviors,newBeh,NA,NA,NA,What do you do now that didn't do before COVID-19?,essentially
11,3,Q71,COVID Behavior Change,New Behaviors,newBeh,NA,NA,NA,What do you do now that didn't do before COVID-19?,moved
11,3,Q71,COVID Behavior Change,New Behaviors,newBeh,NA,NA,NA,What do you do now that didn't do before COVID-19?,boys
11,3,Q71,COVID Behavior Change,New Behaviors,newBeh,NA,NA,NA,What do you do now that didn't do before COVID-19?,live
11,3,Q71,COVID Behavior Change,New Behaviors,newBeh,NA,NA,NA,What do you do now that didn't do before COVID-19?,apartment
11,3,Q71,COVID Behavior Change,New Behaviors,newBeh,NA,NA,NA,What do you do now that didn't do before COVID-19?,building
11,3,Q71,COVID Behavior Change,New Behaviors,newBeh,NA,NA,NA,What do you do now that didn't do before COVID-19?,human
11,3,Q71,COVID Behavior Change,New Behaviors,newBeh,NA,NA,NA,What do you do now that didn't do before COVID-19?,contact
11,3,Q71,COVID Behavior Change,New Behaviors,newBeh,NA,NA,NA,What do you do now that didn't do before COVID-19?,bring
11,3,Q71,COVID Behavior Change,New Behaviors,newBeh,NA,NA,NA,What do you do now that didn't do before COVID-19?,food
13,3,Q69,COVID Behavior Change,Different Behaviors,diffBeh,NA,NA,NA,Which of your current behaviors are most different from your behaviors pre-COVID-19?,family
13,3,Q69,COVID Behavior Change,Different Behaviors,diffBeh,NA,NA,NA,Which of your current behaviors are most different from your behaviors pre-COVID-19?,friend
13,3,Q69,COVID Behavior Change,Different Behaviors,diffBeh,NA,NA,NA,Which of your current behaviors are most different from your behaviors pre-COVID-19?,video
13,3,Q69,COVID Behavior Change,Different Behaviors,diffBeh,NA,NA,NA,Which of your current behaviors are most different from your behaviors pre-COVID-19?,communication
13,3,Q71,COVID Behavior Change,New Behaviors,newBeh,NA,NA,NA,What do you do now that didn't do before COVID-19?,stay
13,3,Q71,COVID Behavior Change,New Behaviors,newBeh,NA,NA,NA,What do you do now that didn't do before COVID-19?,home
13,3,Q71,COVID Behavior Change,New Behaviors,newBeh,NA,NA,NA,What do you do now that didn't do before COVID-19?,active
13,3,Q71,COVID Behavior Change,New Behaviors,newBeh,NA,NA,NA,What do you do now that didn't do before COVID-19?,unhappy
14,3,Q69,COVID Behavior Change,Different Behaviors,diffBeh,NA,NA,NA,Which of your current behaviors are most different from your behaviors pre-COVID-19?,leaving
14,3,Q69,COVID Behavior Change,Different Behaviors,diffBeh,NA,NA,NA,Which of your current behaviors are most different from your behaviors pre-COVID-19?,house
14,3,Q71,COVID Behavior Change,New Behaviors,newBeh,NA,NA,NA,What do you do now that didn't do before COVID-19?,isolating
14,3,Q71,COVID Behavior Change,New Behaviors,newBeh,NA,NA,NA,What do you do now that didn't do before COVID-19?,leaving
14,3,Q71,COVID Behavior Change,New Behaviors,newBeh,NA,NA,NA,What do you do now that didn't do before COVID-19?,house
14,3,Q71,COVID Behavior Change,New Behaviors,newBeh,NA,NA,NA,What do you do now that didn't do before COVID-19?,covid
14,3,Q71,COVID Behavior Change,New Behaviors,newBeh,NA,NA,NA,What do you do now that didn't do before COVID-19?,leave
14,3,Q71,COVID Behavior Change,New Behaviors,newBeh,NA,NA,NA,What do you do now that didn't do before COVID-19?,house
14,3,Q71,COVID Behavior Change,New Behaviors,newBeh,NA,NA,NA,What do you do now that didn't do before COVID-19?,day
16,3,Q69,COVID Behavior Change,Different Behaviors,diffBeh,NA,NA,NA,Which of your current behaviors are most different from your behaviors pre-COVID-19?,rarely
16,3,Q69,COVID Behavior Change,Different Behaviors,diffBeh,NA,NA,NA,Which of your current behaviors are most different from your behaviors pre-COVID-19?,socialize
16,3,Q69,COVID Behavior Change,Different Behaviors,diffBeh,NA,NA,NA,Which of your current behaviors are most different from your behaviors pre-COVID-19?,person
16,3,Q69,COVID Behavior Change,Different Behaviors,diffBeh,NA,NA,NA,Which of your current behaviors are most different from your behaviors pre-COVID-19?,person
16,3,Q69,COVID Behavior Change,Different Behaviors,diffBeh,NA,NA,NA,Which of your current behaviors are most different from your behaviors pre-COVID-19?,boyfriend
16,3,Q69,COVID Behavior Change,Different Behaviors,diffBeh,NA,NA,NA,Which of your current behaviors are most different from your behaviors pre-COVID-19?,person
16,3,Q69,COVID Behavior Change,Different Behaviors,diffBeh,NA,NA,NA,Which of your current behaviors are most different from your behaviors pre-COVID-19?,stay
16,3,Q71,COVID Behavior Change,New Behaviors,newBeh,NA,NA,NA,What do you do now that didn't do before COVID-19?,don
16,3,Q71,COVID Behavior Change,New Behaviors,newBeh,NA,NA,NA,What do you do now that didn't do before COVID-19?,sleep
16,3,Q71,COVID Behavior Change,New Behaviors,newBeh,NA,NA,NA,What do you do now that didn't do before COVID-19?,lot
16,3,Q71,COVID Behavior Change,New Behaviors,newBeh,NA,NA,NA,What do you do now that didn't do before COVID-19?,eat
17,3,Q69,COVID Behavior Change,Different Behaviors,diffBeh,NA,NA,NA,Which of your current behaviors are most different from your behaviors pre-COVID-19?,video
17,3,Q69,COVID Behavior Change,Different Behaviors,diffBeh,NA,NA,NA,Which of your current behaviors are most different from your behaviors pre-COVID-19?,chat
17,3,Q69,COVID Behavior Change,Different Behaviors,diffBeh,NA,NA,NA,Which of your current behaviors are most different from your behaviors pre-COVID-19?,communicate
17,3,Q69,COVID Behavior Change,Different Behaviors,diffBeh,NA,NA,NA,Which of your current behaviors are most different from your behaviors pre-COVID-19?,friends
17,3,Q69,COVID Behavior Change,Different Behaviors,diffBeh,NA,NA,NA,Which of your current behaviors are most different from your behaviors pre-COVID-19?,increased
17,3,Q69,COVID Behavior Change,Different Behaviors,diffBeh,NA,NA,NA,Which of your current behaviors are most different from your behaviors pre-COVID-19?,dramatically
17,3,Q71,COVID Behavior Change,New Behaviors,newBeh,NA,NA,NA,What do you do now that didn't do before COVID-19?,avoid
17,3,Q71,COVID Behavior Change,New Behaviors,newBeh,NA,NA,NA,What do you do now that didn't do before COVID-19?,news
18,3,Q69,COVID Behavior Change,Different Behaviors,diffBeh,NA,NA,NA,Which of your current behaviors are most different from your behaviors pre-COVID-19?,don
18,3,Q69,COVID Behavior Change,Different Behaviors,diffBeh,NA,NA,NA,Which of your current behaviors are most different from your behaviors pre-COVID-19?,friends
18,3,Q69,COVID Behavior Change,Different Behaviors,diffBeh,NA,NA,NA,Which of your current behaviors are most different from your behaviors pre-COVID-19?,public
18,3,Q71,COVID Behavior Change,New Behaviors,newBeh,NA,NA,NA,What do you do now that didn't do before COVID-19?,don
18,3,Q71,COVID Behavior Change,New Behaviors,newBeh,NA,NA,NA,What do you do now that didn't do before COVID-19?,leave
18,3,Q71,COVID Behavior Change,New Behaviors,newBeh,NA,NA,NA,What do you do now that didn't do before COVID-19?,house
18,3,Q71,COVID Behavior Change,New Behaviors,newBeh,NA,NA,NA,What do you do now that didn't do before COVID-19?,anymore
19,3,Q69,COVID Behavior Change,Different Behaviors,diffBeh,NA,NA,NA,Which of your current behaviors are most different from your behaviors pre-COVID-19?,phone
19,3,Q69,COVID Behavior Change,Different Behaviors,diffBeh,NA,NA,NA,Which of your current behaviors are most different from your behaviors pre-COVID-19?,day
19,3,Q69,COVID Behavior Change,Different Behaviors,diffBeh,NA,NA,NA,Which of your current behaviors are most different from your behaviors pre-COVID-19?,watching
19,3,Q69,COVID Behavior Change,Different Behaviors,diffBeh,NA,NA,NA,Which of your current behaviors are most different from your behaviors pre-COVID-19?,television
19,3,Q69,COVID Behavior Change,Different Behaviors,diffBeh,NA,NA,NA,Which of your current behaviors are most different from your behaviors pre-COVID-19?,haven
19,3,Q69,COVID Behavior Change,Different Behaviors,diffBeh,NA,NA,NA,Which of your current behaviors are most different from your behaviors pre-COVID-19?,hobbies
19,3,Q71,COVID Behavior Change,New Behaviors,newBeh,NA,NA,NA,What do you do now that didn't do before COVID-19?,play
19,3,Q71,COVID Behavior Change,New Behaviors,newBeh,NA,NA,NA,What do you do now that didn't do before COVID-19?,video
19,3,Q71,COVID Behavior Change,New Behaviors,newBeh,NA,NA,NA,What do you do now that didn't do before COVID-19?,games
19,3,Q71,COVID Behavior Change,New Behaviors,newBeh,NA,NA,NA,What do you do now that didn't do before COVID-19?,walks
19,3,Q71,COVID Behavior Change,New Behaviors,newBeh,NA,NA,NA,What do you do now that didn't do before COVID-19?,workout
19,3,Q71,COVID Behavior Change,New Behaviors,newBeh,NA,NA,NA,What do you do now that didn't do before COVID-19?,inside
19,3,Q71,COVID Behavior Change,New Behaviors,newBeh,NA,NA,NA,What do you do now that didn't do before COVID-19?,house
20,3,Q69,COVID Behavior Change,Different Behaviors,diffBeh,NA,NA,NA,Which of your current behaviors are most different from your behaviors pre-COVID-19?,classes
20,3,Q71,COVID Behavior Change,New Behaviors,newBeh,NA,NA,NA,What do you do now that didn't do before COVID-19?,sew
20,3,Q71,COVID Behavior Change,New Behaviors,newBeh,NA,NA,NA,What do you do now that didn't do before COVID-19?,masks
21,3,Q69,COVID Behavior Change,Different Behaviors,diffBeh,NA,NA,NA,Which of your current behaviors are most different from your behaviors pre-COVID-19?,sleep
21,3,Q69,COVID Behavior Change,Different Behaviors,diffBeh,NA,NA,NA,Which of your current behaviors are most different from your behaviors pre-COVID-19?,erratically
21,3,Q69,COVID Behavior Change,Different Behaviors,diffBeh,NA,NA,NA,Which of your current behaviors are most different from your behaviors pre-COVID-19?,harder
21,3,Q69,COVID Behavior Change,Different Behaviors,diffBeh,NA,NA,NA,Which of your current behaviors are most different from your behaviors pre-COVID-19?,time
21,3,Q69,COVID Behavior Change,Different Behaviors,diffBeh,NA,NA,NA,Which of your current behaviors are most different from your behaviors pre-COVID-19?,focusing
21,3,Q69,COVID Behavior Change,Different Behaviors,diffBeh,NA,NA,NA,Which of your current behaviors are most different from your behaviors pre-COVID-19?,schoolwork
22,3,Q69,COVID Behavior Change,Different Behaviors,diffBeh,NA,NA,NA,Which of your current behaviors are most different from your behaviors pre-COVID-19?,home
22,3,Q69,COVID Behavior Change,Different Behaviors,diffBeh,NA,NA,NA,Which of your current behaviors are most different from your behaviors pre-COVID-19?,daily
22,3,Q69,COVID Behavior Change,Different Behaviors,diffBeh,NA,NA,NA,Which of your current behaviors are most different from your behaviors pre-COVID-19?,schedule
23,3,Q69,COVID Behavior Change,Different Behaviors,diffBeh,NA,NA,NA,Which of your current behaviors are most different from your behaviors pre-COVID-19?,meeting
23,3,Q69,COVID Behavior Change,Different Behaviors,diffBeh,NA,NA,NA,Which of your current behaviors are most different from your behaviors pre-COVID-19?,friends
23,3,Q69,COVID Behavior Change,Different Behaviors,diffBeh,NA,NA,NA,Which of your current behaviors are most different from your behaviors pre-COVID-19?,person
23,3,Q71,COVID Behavior Change,New Behaviors,newBeh,NA,NA,NA,What do you do now that didn't do before COVID-19?,bullet
23,3,Q71,COVID Behavior Change,New Behaviors,newBeh,NA,NA,NA,What do you do now that didn't do before COVID-19?,journal
24,3,Q69,COVID Behavior Change,Different Behaviors,diffBeh,NA,NA,NA,Which of your current behaviors are most different from your behaviors pre-COVID-19?,spend
24,3,Q69,COVID Behavior Change,Different Behaviors,diffBeh,NA,NA,NA,Which of your current behaviors are most different from your behaviors pre-COVID-19?,lot
24,3,Q69,COVID Behavior Change,Different Behaviors,diffBeh,NA,NA,NA,Which of your current behaviors are most different from your behaviors pre-COVID-19?,time
24,3,Q69,COVID Behavior Change,Different Behaviors,diffBeh,NA,NA,NA,Which of your current behaviors are most different from your behaviors pre-COVID-19?,family
24,3,Q69,COVID Behavior Change,Different Behaviors,diffBeh,NA,NA,NA,Which of your current behaviors are most different from your behaviors pre-COVID-19?,house
24,3,Q71,COVID Behavior Change,New Behaviors,newBeh,NA,NA,NA,What do you do now that didn't do before COVID-19?,people
24,3,Q71,COVID Behavior Change,New Behaviors,newBeh,NA,NA,NA,What do you do now that didn't do before COVID-19?,extremely
24,3,Q71,COVID Behavior Change,New Behaviors,newBeh,NA,NA,NA,What do you do now that didn't do before COVID-19?,selfish
24,3,Q71,COVID Behavior Change,New Behaviors,newBeh,NA,NA,NA,What do you do now that didn't do before COVID-19?,hoarding
24,3,Q71,COVID Behavior Change,New Behaviors,newBeh,NA,NA,NA,What do you do now that didn't do before COVID-19?,supplies
24,3,Q71,COVID Behavior Change,New Behaviors,newBeh,NA,NA,NA,What do you do now that didn't do before COVID-19?,hanging
24,3,Q71,COVID Behavior Change,New Behaviors,newBeh,NA,NA,NA,What do you do now that didn't do before COVID-19?,friends
25,3,Q69,COVID Behavior Change,Different Behaviors,diffBeh,NA,NA,NA,Which of your current behaviors are most different from your behaviors pre-COVID-19?,frequency
25,3,Q69,COVID Behavior Change,Different Behaviors,diffBeh,NA,NA,NA,Which of your current behaviors are most different from your behaviors pre-COVID-19?,visit
25,3,Q69,COVID Behavior Change,Different Behaviors,diffBeh,NA,NA,NA,Which of your current behaviors are most different from your behaviors pre-COVID-19?,friends
25,3,Q71,COVID Behavior Change,New Behaviors,newBeh,NA,NA,NA,What do you do now that didn't do before COVID-19?,stay
25,3,Q71,COVID Behavior Change,New Behaviors,newBeh,NA,NA,NA,What do you do now that didn't do before COVID-19?,inside
25,3,Q71,COVID Behavior Change,New Behaviors,newBeh,NA,NA,NA,What do you do now that didn't do before COVID-19?,friends
25,3,Q71,COVID Behavior Change,New Behaviors,newBeh,NA,NA,NA,What do you do now that didn't do before COVID-19?,highschool
25,3,Q71,COVID Behavior Change,New Behaviors,newBeh,NA,NA,NA,What do you do now that didn't do before COVID-19?,friends
25,3,Q71,COVID Behavior Change,New Behaviors,newBeh,NA,NA,NA,What do you do now that didn't do before COVID-19?,stuck
25,3,Q71,COVID Behavior Change,New Behaviors,newBeh,NA,NA,NA,What do you do now that didn't do before COVID-19?,kansas
25,3,Q71,COVID Behavior Change,New Behaviors,newBeh,NA,NA,NA,What do you do now that didn't do before COVID-19?,minutes
26,3,Q69,COVID Behavior Change,Different Behaviors,diffBeh,NA,NA,NA,Which of your current behaviors are most different from your behaviors pre-COVID-19?,health
26,3,Q69,COVID Behavior Change,Different Behaviors,diffBeh,NA,NA,NA,Which of your current behaviors are most different from your behaviors pre-COVID-19?,behaviors
26,3,Q71,COVID Behavior Change,New Behaviors,newBeh,NA,NA,NA,What do you do now that didn't do before COVID-19?,yoga
26,3,Q71,COVID Behavior Change,New Behaviors,newBeh,NA,NA,NA,What do you do now that didn't do before COVID-19?,eating
26,3,Q71,COVID Behavior Change,New Behaviors,newBeh,NA,NA,NA,What do you do now that didn't do before COVID-19?,healthier
26,3,Q71,COVID Behavior Change,New Behaviors,newBeh,NA,NA,NA,What do you do now that didn't do before COVID-19?,baking
26,3,Q71,COVID Behavior Change,New Behaviors,newBeh,NA,NA,NA,What do you do now that didn't do before COVID-19?,cooking
26,3,Q71,COVID Behavior Change,New Behaviors,newBeh,NA,NA,NA,What do you do now that didn't do before COVID-19?,reading
27,3,Q69,COVID Behavior Change,Different Behaviors,diffBeh,NA,NA,NA,Which of your current behaviors are most different from your behaviors pre-COVID-19?,home
27,3,Q69,COVID Behavior Change,Different Behaviors,diffBeh,NA,NA,NA,Which of your current behaviors are most different from your behaviors pre-COVID-19?,lot
27,3,Q69,COVID Behavior Change,Different Behaviors,diffBeh,NA,NA,NA,Which of your current behaviors are most different from your behaviors pre-COVID-19?,don
27,3,Q69,COVID Behavior Change,Different Behaviors,diffBeh,NA,NA,NA,Which of your current behaviors are most different from your behaviors pre-COVID-19?,drink
27,3,Q69,COVID Behavior Change,Different Behaviors,diffBeh,NA,NA,NA,Which of your current behaviors are most different from your behaviors pre-COVID-19?,anymore
27,3,Q69,COVID Behavior Change,Different Behaviors,diffBeh,NA,NA,NA,Which of your current behaviors are most different from your behaviors pre-COVID-19?,house
27,3,Q69,COVID Behavior Change,Different Behaviors,diffBeh,NA,NA,NA,Which of your current behaviors are most different from your behaviors pre-COVID-19?,alcohol
27,3,Q69,COVID Behavior Change,Different Behaviors,diffBeh,NA,NA,NA,Which of your current behaviors are most different from your behaviors pre-COVID-19?,free
27,3,Q69,COVID Behavior Change,Different Behaviors,diffBeh,NA,NA,NA,Which of your current behaviors are most different from your behaviors pre-COVID-19?,spend
27,3,Q69,COVID Behavior Change,Different Behaviors,diffBeh,NA,NA,NA,Which of your current behaviors are most different from your behaviors pre-COVID-19?,lot
27,3,Q69,COVID Behavior Change,Different Behaviors,diffBeh,NA,NA,NA,Which of your current behaviors are most different from your behaviors pre-COVID-19?,time
27,3,Q69,COVID Behavior Change,Different Behaviors,diffBeh,NA,NA,NA,Which of your current behaviors are most different from your behaviors pre-COVID-19?,baking
27,3,Q69,COVID Behavior Change,Different Behaviors,diffBeh,NA,NA,NA,Which of your current behaviors are most different from your behaviors pre-COVID-19?,cooking
27,3,Q69,COVID Behavior Change,Different Behaviors,diffBeh,NA,NA,NA,Which of your current behaviors are most different from your behaviors pre-COVID-19?,playing
27,3,Q69,COVID Behavior Change,Different Behaviors,diffBeh,NA,NA,NA,Which of your current behaviors are most different from your behaviors pre-COVID-19?,games
27,3,Q69,COVID Behavior Change,Different Behaviors,diffBeh,NA,NA,NA,Which of your current behaviors are most different from your behaviors pre-COVID-19?,family
27,3,Q71,COVID Behavior Change,New Behaviors,newBeh,NA,NA,NA,What do you do now that didn't do before COVID-19?,lot
27,3,Q71,COVID Behavior Change,New Behaviors,newBeh,NA,NA,NA,What do you do now that didn't do before COVID-19?,running
27,3,Q71,COVID Behavior Change,New Behaviors,newBeh,NA,NA,NA,What do you do now that didn't do before COVID-19?,participate
27,3,Q71,COVID Behavior Change,New Behaviors,newBeh,NA,NA,NA,What do you do now that didn't do before COVID-19?,sport
27,3,Q71,COVID Behavior Change,New Behaviors,newBeh,NA,NA,NA,What do you do now that didn't do before COVID-19?,swimming
27,3,Q71,COVID Behavior Change,New Behaviors,newBeh,NA,NA,NA,What do you do now that didn't do before COVID-19?,started
27,3,Q71,COVID Behavior Change,New Behaviors,newBeh,NA,NA,NA,What do you do now that didn't do before COVID-19?,learning
27,3,Q71,COVID Behavior Change,New Behaviors,newBeh,NA,NA,NA,What do you do now that didn't do before COVID-19?,cook
27,3,Q71,COVID Behavior Change,New Behaviors,newBeh,NA,NA,NA,What do you do now that didn't do before COVID-19?,ve
27,3,Q71,COVID Behavior Change,New Behaviors,newBeh,NA,NA,NA,What do you do now that didn't do before COVID-19?,baking
27,3,Q71,COVID Behavior Change,New Behaviors,newBeh,NA,NA,NA,What do you do now that didn't do before COVID-19?,friends
27,3,Q71,COVID Behavior Change,New Behaviors,newBeh,NA,NA,NA,What do you do now that didn't do before COVID-19?,leaving
27,3,Q71,COVID Behavior Change,New Behaviors,newBeh,NA,NA,NA,What do you do now that didn't do before COVID-19?,gifts
27,3,Q71,COVID Behavior Change,New Behaviors,newBeh,NA,NA,NA,What do you do now that didn't do before COVID-19?,mail
27,3,Q71,COVID Behavior Change,New Behaviors,newBeh,NA,NA,NA,What do you do now that didn't do before COVID-19?,boxes
28,3,Q69,COVID Behavior Change,Different Behaviors,diffBeh,NA,NA,NA,Which of your current behaviors are most different from your behaviors pre-COVID-19?,answer
28,3,Q69,COVID Behavior Change,Different Behaviors,diffBeh,NA,NA,NA,Which of your current behaviors are most different from your behaviors pre-COVID-19?,didn
28,3,Q69,COVID Behavior Change,Different Behaviors,diffBeh,NA,NA,NA,Which of your current behaviors are most different from your behaviors pre-COVID-19?,covid
28,3,Q71,COVID Behavior Change,New Behaviors,newBeh,NA,NA,NA,What do you do now that didn't do before COVID-19?,staying
28,3,Q71,COVID Behavior Change,New Behaviors,newBeh,NA,NA,NA,What do you do now that didn't do before COVID-19?,regularly
28,3,Q71,COVID Behavior Change,New Behaviors,newBeh,NA,NA,NA,What do you do now that didn't do before COVID-19?,3am
28,3,Q71,COVID Behavior Change,New Behaviors,newBeh,NA,NA,NA,What do you do now that didn't do before COVID-19?,sleeping
28,3,Q71,COVID Behavior Change,New Behaviors,newBeh,NA,NA,NA,What do you do now that didn't do before COVID-19?,noon
28,3,Q71,COVID Behavior Change,New Behaviors,newBeh,NA,NA,NA,What do you do now that didn't do before COVID-19?,prior
28,3,Q71,COVID Behavior Change,New Behaviors,newBeh,NA,NA,NA,What do you do now that didn't do before COVID-19?,covid
28,3,Q71,COVID Behavior Change,New Behaviors,newBeh,NA,NA,NA,What do you do now that didn't do before COVID-19?,bedtime
28,3,Q71,COVID Behavior Change,New Behaviors,newBeh,NA,NA,NA,What do you do now that didn't do before COVID-19?,midnight
28,3,Q71,COVID Behavior Change,New Behaviors,newBeh,NA,NA,NA,What do you do now that didn't do before COVID-19?,wake
28,3,Q71,COVID Behavior Change,New Behaviors,newBeh,NA,NA,NA,What do you do now that didn't do before COVID-19?,decided
28,3,Q71,COVID Behavior Change,New Behaviors,newBeh,NA,NA,NA,What do you do now that didn't do before COVID-19?,start
28,3,Q71,COVID Behavior Change,New Behaviors,newBeh,NA,NA,NA,What do you do now that didn't do before COVID-19?,learning
28,3,Q71,COVID Behavior Change,New Behaviors,newBeh,NA,NA,NA,What do you do now that didn't do before COVID-19?,turkish
28,3,Q71,COVID Behavior Change,New Behaviors,newBeh,NA,NA,NA,What do you do now that didn't do before COVID-19?,bored
28,3,Q71,COVID Behavior Change,New Behaviors,newBeh,NA,NA,NA,What do you do now that didn't do before COVID-19?,mind
28,3,Q71,COVID Behavior Change,New Behaviors,newBeh,NA,NA,NA,What do you do now that didn't do before COVID-19?,literally
28,3,Q71,COVID Behavior Change,New Behaviors,newBeh,NA,NA,NA,What do you do now that didn't do before COVID-19?,classes
28,3,Q71,COVID Behavior Change,New Behaviors,newBeh,NA,NA,NA,What do you do now that didn't do before COVID-19?,motivation
28,3,Q71,COVID Behavior Change,New Behaviors,newBeh,NA,NA,NA,What do you do now that didn't do before COVID-19?,school
28,3,Q71,COVID Behavior Change,New Behaviors,newBeh,NA,NA,NA,What do you do now that didn't do before COVID-19?,thrown
28,3,Q71,COVID Behavior Change,New Behaviors,newBeh,NA,NA,NA,What do you do now that didn't do before COVID-19?,trash
28,3,Q71,COVID Behavior Change,New Behaviors,newBeh,NA,NA,NA,What do you do now that didn't do before COVID-19?,thrown
28,3,Q71,COVID Behavior Change,New Behaviors,newBeh,NA,NA,NA,What do you do now that didn't do before COVID-19?,window
28,3,Q71,COVID Behavior Change,New Behaviors,newBeh,NA,NA,NA,What do you do now that didn't do before COVID-19?,ve
28,3,Q71,COVID Behavior Change,New Behaviors,newBeh,NA,NA,NA,What do you do now that didn't do before COVID-19?,reaching
28,3,Q71,COVID Behavior Change,New Behaviors,newBeh,NA,NA,NA,What do you do now that didn't do before COVID-19?,lot
28,3,Q71,COVID Behavior Change,New Behaviors,newBeh,NA,NA,NA,What do you do now that didn't do before COVID-19?,friends
28,3,Q71,COVID Behavior Change,New Behaviors,newBeh,NA,NA,NA,What do you do now that didn't do before COVID-19?,haven
28,3,Q71,COVID Behavior Change,New Behaviors,newBeh,NA,NA,NA,What do you do now that didn't do before COVID-19?,spoken
28,3,Q71,COVID Behavior Change,New Behaviors,newBeh,NA,NA,NA,What do you do now that didn't do before COVID-19?,dedicating
28,3,Q71,COVID Behavior Change,New Behaviors,newBeh,NA,NA,NA,What do you do now that didn't do before COVID-19?,time
28,3,Q71,COVID Behavior Change,New Behaviors,newBeh,NA,NA,NA,What do you do now that didn't do before COVID-19?,screen
28,3,Q71,COVID Behavior Change,New Behaviors,newBeh,NA,NA,NA,What do you do now that didn't do before COVID-19?,activities
28,3,Q71,COVID Behavior Change,New Behaviors,newBeh,NA,NA,NA,What do you do now that didn't do before COVID-19?,eyes
28,3,Q71,COVID Behavior Change,New Behaviors,newBeh,NA,NA,NA,What do you do now that didn't do before COVID-19?,started
28,3,Q71,COVID Behavior Change,New Behaviors,newBeh,NA,NA,NA,What do you do now that didn't do before COVID-19?,fatigued
28,3,Q71,COVID Behavior Change,New Behaviors,newBeh,NA,NA,NA,What do you do now that didn't do before COVID-19?,easily
28,3,Q71,COVID Behavior Change,New Behaviors,newBeh,NA,NA,NA,What do you do now that didn't do before COVID-19?,play
28,3,Q71,COVID Behavior Change,New Behaviors,newBeh,NA,NA,NA,What do you do now that didn't do before COVID-19?,solitaire
28,3,Q71,COVID Behavior Change,New Behaviors,newBeh,NA,NA,NA,What do you do now that didn't do before COVID-19?,knit
28,3,Q71,COVID Behavior Change,New Behaviors,newBeh,NA,NA,NA,What do you do now that didn't do before COVID-19?,read
28,3,Q71,COVID Behavior Change,New Behaviors,newBeh,NA,NA,NA,What do you do now that didn't do before COVID-19?,walk
28,3,Q71,COVID Behavior Change,New Behaviors,newBeh,NA,NA,NA,What do you do now that didn't do before COVID-19?,puzzles
28,3,Q71,COVID Behavior Change,New Behaviors,newBeh,NA,NA,NA,What do you do now that didn't do before COVID-19?,listen
28,3,Q71,COVID Behavior Change,New Behaviors,newBeh,NA,NA,NA,What do you do now that didn't do before COVID-19?,french
28,3,Q71,COVID Behavior Change,New Behaviors,newBeh,NA,NA,NA,What do you do now that didn't do before COVID-19?,podcasts
29,3,Q69,COVID Behavior Change,Different Behaviors,diffBeh,NA,NA,NA,Which of your current behaviors are most different from your behaviors pre-COVID-19?,scared
29,3,Q69,COVID Behavior Change,Different Behaviors,diffBeh,NA,NA,NA,Which of your current behaviors are most different from your behaviors pre-COVID-19?,leave
29,3,Q69,COVID Behavior Change,Different Behaviors,diffBeh,NA,NA,NA,Which of your current behaviors are most different from your behaviors pre-COVID-19?,house
29,3,Q71,COVID Behavior Change,New Behaviors,newBeh,NA,NA,NA,What do you do now that didn't do before COVID-19?,stay
29,3,Q71,COVID Behavior Change,New Behaviors,newBeh,NA,NA,NA,What do you do now that didn't do before COVID-19?,indoors
30,3,Q69,COVID Behavior Change,Different Behaviors,diffBeh,NA,NA,NA,Which of your current behaviors are most different from your behaviors pre-COVID-19?,mask
30,3,Q69,COVID Behavior Change,Different Behaviors,diffBeh,NA,NA,NA,Which of your current behaviors are most different from your behaviors pre-COVID-19?,wearing
30,3,Q69,COVID Behavior Change,Different Behaviors,diffBeh,NA,NA,NA,Which of your current behaviors are most different from your behaviors pre-COVID-19?,hand
30,3,Q69,COVID Behavior Change,Different Behaviors,diffBeh,NA,NA,NA,Which of your current behaviors are most different from your behaviors pre-COVID-19?,washing
30,3,Q69,COVID Behavior Change,Different Behaviors,diffBeh,NA,NA,NA,Which of your current behaviors are most different from your behaviors pre-COVID-19?,preparing
30,3,Q69,COVID Behavior Change,Different Behaviors,diffBeh,NA,NA,NA,Which of your current behaviors are most different from your behaviors pre-COVID-19?,food
30,3,Q69,COVID Behavior Change,Different Behaviors,diffBeh,NA,NA,NA,Which of your current behaviors are most different from your behaviors pre-COVID-19?,dining
30,3,Q69,COVID Behavior Change,Different Behaviors,diffBeh,NA,NA,NA,Which of your current behaviors are most different from your behaviors pre-COVID-19?,halls
30,3,Q71,COVID Behavior Change,New Behaviors,newBeh,NA,NA,NA,What do you do now that didn't do before COVID-19?,wash
30,3,Q71,COVID Behavior Change,New Behaviors,newBeh,NA,NA,NA,What do you do now that didn't do before COVID-19?,hands
30,3,Q71,COVID Behavior Change,New Behaviors,newBeh,NA,NA,NA,What do you do now that didn't do before COVID-19?,wear
30,3,Q71,COVID Behavior Change,New Behaviors,newBeh,NA,NA,NA,What do you do now that didn't do before COVID-19?,mask
30,3,Q71,COVID Behavior Change,New Behaviors,newBeh,NA,NA,NA,What do you do now that didn't do before COVID-19?,wear
30,3,Q71,COVID Behavior Change,New Behaviors,newBeh,NA,NA,NA,What do you do now that didn't do before COVID-19?,gloves
30,3,Q71,COVID Behavior Change,New Behaviors,newBeh,NA,NA,NA,What do you do now that didn't do before COVID-19?,groceries
30,3,Q71,COVID Behavior Change,New Behaviors,newBeh,NA,NA,NA,What do you do now that didn't do before COVID-19?,shopping
30,3,Q71,COVID Behavior Change,New Behaviors,newBeh,NA,NA,NA,What do you do now that didn't do before COVID-19?,prepare
30,3,Q71,COVID Behavior Change,New Behaviors,newBeh,NA,NA,NA,What do you do now that didn't do before COVID-19?,food
31,3,Q69,COVID Behavior Change,Different Behaviors,diffBeh,NA,NA,NA,Which of your current behaviors are most different from your behaviors pre-COVID-19?,don
31,3,Q69,COVID Behavior Change,Different Behaviors,diffBeh,NA,NA,NA,Which of your current behaviors are most different from your behaviors pre-COVID-19?,spend
31,3,Q69,COVID Behavior Change,Different Behaviors,diffBeh,NA,NA,NA,Which of your current behaviors are most different from your behaviors pre-COVID-19?,time
31,3,Q69,COVID Behavior Change,Different Behaviors,diffBeh,NA,NA,NA,Which of your current behaviors are most different from your behaviors pre-COVID-19?,friends
31,3,Q69,COVID Behavior Change,Different Behaviors,diffBeh,NA,NA,NA,Which of your current behaviors are most different from your behaviors pre-COVID-19?,family
31,3,Q71,COVID Behavior Change,New Behaviors,newBeh,NA,NA,NA,What do you do now that didn't do before COVID-19?,stay
31,3,Q71,COVID Behavior Change,New Behaviors,newBeh,NA,NA,NA,What do you do now that didn't do before COVID-19?,inside
31,3,Q71,COVID Behavior Change,New Behaviors,newBeh,NA,NA,NA,What do you do now that didn't do before COVID-19?,lot
31,3,Q71,COVID Behavior Change,New Behaviors,newBeh,NA,NA,NA,What do you do now that didn't do before COVID-19?,wash
31,3,Q71,COVID Behavior Change,New Behaviors,newBeh,NA,NA,NA,What do you do now that didn't do before COVID-19?,produce
31,3,Q71,COVID Behavior Change,New Behaviors,newBeh,NA,NA,NA,What do you do now that didn't do before COVID-19?,putting
31,3,Q71,COVID Behavior Change,New Behaviors,newBeh,NA,NA,NA,What do you do now that didn't do before COVID-19?,fridge
31,3,Q71,COVID Behavior Change,New Behaviors,newBeh,NA,NA,NA,What do you do now that didn't do before COVID-19?,wear
31,3,Q71,COVID Behavior Change,New Behaviors,newBeh,NA,NA,NA,What do you do now that didn't do before COVID-19?,gloves
31,3,Q71,COVID Behavior Change,New Behaviors,newBeh,NA,NA,NA,What do you do now that didn't do before COVID-19?,masks
31,3,Q71,COVID Behavior Change,New Behaviors,newBeh,NA,NA,NA,What do you do now that didn't do before COVID-19?,shopping
32,3,Q69,COVID Behavior Change,Different Behaviors,diffBeh,NA,NA,NA,Which of your current behaviors are most different from your behaviors pre-COVID-19?,handwashing
33,3,Q69,COVID Behavior Change,Different Behaviors,diffBeh,NA,NA,NA,Which of your current behaviors are most different from your behaviors pre-COVID-19?,sleeping
33,3,Q69,COVID Behavior Change,Different Behaviors,diffBeh,NA,NA,NA,Which of your current behaviors are most different from your behaviors pre-COVID-19?,interact
33,3,Q69,COVID Behavior Change,Different Behaviors,diffBeh,NA,NA,NA,Which of your current behaviors are most different from your behaviors pre-COVID-19?,day
33,3,Q69,COVID Behavior Change,Different Behaviors,diffBeh,NA,NA,NA,Which of your current behaviors are most different from your behaviors pre-COVID-19?,interaction
33,3,Q69,COVID Behavior Change,Different Behaviors,diffBeh,NA,NA,NA,Which of your current behaviors are most different from your behaviors pre-COVID-19?,person
33,3,Q69,COVID Behavior Change,Different Behaviors,diffBeh,NA,NA,NA,Which of your current behaviors are most different from your behaviors pre-COVID-19?,technology
33,3,Q71,COVID Behavior Change,New Behaviors,newBeh,NA,NA,NA,What do you do now that didn't do before COVID-19?,live
33,3,Q71,COVID Behavior Change,New Behaviors,newBeh,NA,NA,NA,What do you do now that didn't do before COVID-19?,parents
33,3,Q71,COVID Behavior Change,New Behaviors,newBeh,NA,NA,NA,What do you do now that didn't do before COVID-19?,house
33,3,Q71,COVID Behavior Change,New Behaviors,newBeh,NA,NA,NA,What do you do now that didn't do before COVID-19?,wake
33,3,Q71,COVID Behavior Change,New Behaviors,newBeh,NA,NA,NA,What do you do now that didn't do before COVID-19?,day
33,3,Q71,COVID Behavior Change,New Behaviors,newBeh,NA,NA,NA,What do you do now that didn't do before COVID-19?,sleep
33,3,Q71,COVID Behavior Change,New Behaviors,newBeh,NA,NA,NA,What do you do now that didn't do before COVID-19?,time
33,3,Q71,COVID Behavior Change,New Behaviors,newBeh,NA,NA,NA,What do you do now that didn't do before COVID-19?,call
33,3,Q71,COVID Behavior Change,New Behaviors,newBeh,NA,NA,NA,What do you do now that didn't do before COVID-19?,friends
33,3,Q71,COVID Behavior Change,New Behaviors,newBeh,NA,NA,NA,What do you do now that didn't do before COVID-19?,day
33,3,Q71,COVID Behavior Change,New Behaviors,newBeh,NA,NA,NA,What do you do now that didn't do before COVID-19?,person
33,3,Q71,COVID Behavior Change,New Behaviors,newBeh,NA,NA,NA,What do you do now that didn't do before COVID-19?,read
33,3,Q71,COVID Behavior Change,New Behaviors,newBeh,NA,NA,NA,What do you do now that didn't do before COVID-19?,books
33,3,Q71,COVID Behavior Change,New Behaviors,newBeh,NA,NA,NA,What do you do now that didn't do before COVID-19?,watch
33,3,Q71,COVID Behavior Change,New Behaviors,newBeh,NA,NA,NA,What do you do now that didn't do before COVID-19?,tv
33,3,Q71,COVID Behavior Change,New Behaviors,newBeh,NA,NA,NA,What do you do now that didn't do before COVID-19?,engage
33,3,Q71,COVID Behavior Change,New Behaviors,newBeh,NA,NA,NA,What do you do now that didn't do before COVID-19?,hobbies
33,3,Q71,COVID Behavior Change,New Behaviors,newBeh,NA,NA,NA,What do you do now that didn't do before COVID-19?,brother
33,3,Q71,COVID Behavior Change,New Behaviors,newBeh,NA,NA,NA,What do you do now that didn't do before COVID-19?,day
33,3,Q71,COVID Behavior Change,New Behaviors,newBeh,NA,NA,NA,What do you do now that didn't do before COVID-19?,spend
33,3,Q71,COVID Behavior Change,New Behaviors,newBeh,NA,NA,NA,What do you do now that didn't do before COVID-19?,time
33,3,Q71,COVID Behavior Change,New Behaviors,newBeh,NA,NA,NA,What do you do now that didn't do before COVID-19?,hobbies
33,3,Q71,COVID Behavior Change,New Behaviors,newBeh,NA,NA,NA,What do you do now that didn't do before COVID-19?,cooking
33,3,Q71,COVID Behavior Change,New Behaviors,newBeh,NA,NA,NA,What do you do now that didn't do before COVID-19?,meals
34,3,Q69,COVID Behavior Change,Different Behaviors,diffBeh,NA,NA,NA,Which of your current behaviors are most different from your behaviors pre-COVID-19?,interactions
34,3,Q69,COVID Behavior Change,Different Behaviors,diffBeh,NA,NA,NA,Which of your current behaviors are most different from your behaviors pre-COVID-19?,friends
34,3,Q69,COVID Behavior Change,Different Behaviors,diffBeh,NA,NA,NA,Which of your current behaviors are most different from your behaviors pre-COVID-19?,video
34,3,Q69,COVID Behavior Change,Different Behaviors,diffBeh,NA,NA,NA,Which of your current behaviors are most different from your behaviors pre-COVID-19?,chat
34,3,Q71,COVID Behavior Change,New Behaviors,newBeh,NA,NA,NA,What do you do now that didn't do before COVID-19?,living
34,3,Q71,COVID Behavior Change,New Behaviors,newBeh,NA,NA,NA,What do you do now that didn't do before COVID-19?,family
34,3,Q71,COVID Behavior Change,New Behaviors,newBeh,NA,NA,NA,What do you do now that didn't do before COVID-19?,home
35,3,Q69,COVID Behavior Change,Different Behaviors,diffBeh,NA,NA,NA,Which of your current behaviors are most different from your behaviors pre-COVID-19?,social
35,3,Q69,COVID Behavior Change,Different Behaviors,diffBeh,NA,NA,NA,Which of your current behaviors are most different from your behaviors pre-COVID-19?,distancing
35,3,Q71,COVID Behavior Change,New Behaviors,newBeh,NA,NA,NA,What do you do now that didn't do before COVID-19?,social
35,3,Q71,COVID Behavior Change,New Behaviors,newBeh,NA,NA,NA,What do you do now that didn't do before COVID-19?,distancing
37,3,Q69,COVID Behavior Change,Different Behaviors,diffBeh,NA,NA,NA,Which of your current behaviors are most different from your behaviors pre-COVID-19?,living
37,3,Q69,COVID Behavior Change,Different Behaviors,diffBeh,NA,NA,NA,Which of your current behaviors are most different from your behaviors pre-COVID-19?,home
37,3,Q69,COVID Behavior Change,Different Behaviors,diffBeh,NA,NA,NA,Which of your current behaviors are most different from your behaviors pre-COVID-19?,social
37,3,Q69,COVID Behavior Change,Different Behaviors,diffBeh,NA,NA,NA,Which of your current behaviors are most different from your behaviors pre-COVID-19?,distancing
37,3,Q71,COVID Behavior Change,New Behaviors,newBeh,NA,NA,NA,What do you do now that didn't do before COVID-19?,wore
37,3,Q71,COVID Behavior Change,New Behaviors,newBeh,NA,NA,NA,What do you do now that didn't do before COVID-19?,mask
37,3,Q71,COVID Behavior Change,New Behaviors,newBeh,NA,NA,NA,What do you do now that didn't do before COVID-19?,walked
37,3,Q71,COVID Behavior Change,New Behaviors,newBeh,NA,NA,NA,What do you do now that didn't do before COVID-19?,regularly
37,3,Q71,COVID Behavior Change,New Behaviors,newBeh,NA,NA,NA,What do you do now that didn't do before COVID-19?,lived
37,3,Q71,COVID Behavior Change,New Behaviors,newBeh,NA,NA,NA,What do you do now that didn't do before COVID-19?,home
38,3,Q69,COVID Behavior Change,Different Behaviors,diffBeh,NA,NA,NA,Which of your current behaviors are most different from your behaviors pre-COVID-19?,current
38,3,Q69,COVID Behavior Change,Different Behaviors,diffBeh,NA,NA,NA,Which of your current behaviors are most different from your behaviors pre-COVID-19?,behavior
38,3,Q69,COVID Behavior Change,Different Behaviors,diffBeh,NA,NA,NA,Which of your current behaviors are most different from your behaviors pre-COVID-19?,remaining
38,3,Q69,COVID Behavior Change,Different Behaviors,diffBeh,NA,NA,NA,Which of your current behaviors are most different from your behaviors pre-COVID-19?,inside
38,3,Q69,COVID Behavior Change,Different Behaviors,diffBeh,NA,NA,NA,Which of your current behaviors are most different from your behaviors pre-COVID-19?,day
38,3,Q69,COVID Behavior Change,Different Behaviors,diffBeh,NA,NA,NA,Which of your current behaviors are most different from your behaviors pre-COVID-19?,behavior
38,3,Q71,COVID Behavior Change,New Behaviors,newBeh,NA,NA,NA,What do you do now that didn't do before COVID-19?,inside
38,3,Q71,COVID Behavior Change,New Behaviors,newBeh,NA,NA,NA,What do you do now that didn't do before COVID-19?,rarely
38,3,Q71,COVID Behavior Change,New Behaviors,newBeh,NA,NA,NA,What do you do now that didn't do before COVID-19?,leave
38,3,Q71,COVID Behavior Change,New Behaviors,newBeh,NA,NA,NA,What do you do now that didn't do before COVID-19?,house
38,3,Q71,COVID Behavior Change,New Behaviors,newBeh,NA,NA,NA,What do you do now that didn't do before COVID-19?,groceries
38,3,Q71,COVID Behavior Change,New Behaviors,newBeh,NA,NA,NA,What do you do now that didn't do before COVID-19?,classes
38,3,Q71,COVID Behavior Change,New Behaviors,newBeh,NA,NA,NA,What do you do now that didn't do before COVID-19?,online
38,3,Q71,COVID Behavior Change,New Behaviors,newBeh,NA,NA,NA,What do you do now that didn't do before COVID-19?,makes
38,3,Q71,COVID Behavior Change,New Behaviors,newBeh,NA,NA,NA,What do you do now that didn't do before COVID-19?,motivated
39,3,Q69,COVID Behavior Change,Different Behaviors,diffBeh,NA,NA,NA,Which of your current behaviors are most different from your behaviors pre-COVID-19?,basically
39,3,Q69,COVID Behavior Change,Different Behaviors,diffBeh,NA,NA,NA,Which of your current behaviors are most different from your behaviors pre-COVID-19?,question
39,3,Q71,COVID Behavior Change,New Behaviors,newBeh,NA,NA,NA,What do you do now that didn't do before COVID-19?,watch
39,3,Q71,COVID Behavior Change,New Behaviors,newBeh,NA,NA,NA,What do you do now that didn't do before COVID-19?,lot
39,3,Q71,COVID Behavior Change,New Behaviors,newBeh,NA,NA,NA,What do you do now that didn't do before COVID-19?,tv
39,3,Q71,COVID Behavior Change,New Behaviors,newBeh,NA,NA,NA,What do you do now that didn't do before COVID-19?,past
39,3,Q71,COVID Behavior Change,New Behaviors,newBeh,NA,NA,NA,What do you do now that didn't do before COVID-19?,play
39,3,Q71,COVID Behavior Change,New Behaviors,newBeh,NA,NA,NA,What do you do now that didn't do before COVID-19?,piano
39,3,Q71,COVID Behavior Change,New Behaviors,newBeh,NA,NA,NA,What do you do now that didn't do before COVID-19?,walks
39,3,Q71,COVID Behavior Change,New Behaviors,newBeh,NA,NA,NA,What do you do now that didn't do before COVID-19?,family
39,3,Q71,COVID Behavior Change,New Behaviors,newBeh,NA,NA,NA,What do you do now that didn't do before COVID-19?,wash
39,3,Q71,COVID Behavior Change,New Behaviors,newBeh,NA,NA,NA,What do you do now that didn't do before COVID-19?,hands
39,3,Q71,COVID Behavior Change,New Behaviors,newBeh,NA,NA,NA,What do you do now that didn't do before COVID-19?,stay
39,3,Q71,COVID Behavior Change,New Behaviors,newBeh,NA,NA,NA,What do you do now that didn't do before COVID-19?,inside
39,3,Q71,COVID Behavior Change,New Behaviors,newBeh,NA,NA,NA,What do you do now that didn't do before COVID-19?,shelter
39,3,Q71,COVID Behavior Change,New Behaviors,newBeh,NA,NA,NA,What do you do now that didn't do before COVID-19?,lot
39,3,Q71,COVID Behavior Change,New Behaviors,newBeh,NA,NA,NA,What do you do now that didn't do before COVID-19?,videoconferencing
41,3,Q69,COVID Behavior Change,Different Behaviors,diffBeh,NA,NA,NA,Which of your current behaviors are most different from your behaviors pre-COVID-19?,significantly
41,3,Q69,COVID Behavior Change,Different Behaviors,diffBeh,NA,NA,NA,Which of your current behaviors are most different from your behaviors pre-COVID-19?,active
41,3,Q69,COVID Behavior Change,Different Behaviors,diffBeh,NA,NA,NA,Which of your current behaviors are most different from your behaviors pre-COVID-19?,motivated
41,3,Q69,COVID Behavior Change,Different Behaviors,diffBeh,NA,NA,NA,Which of your current behaviors are most different from your behaviors pre-COVID-19?,extreme
41,3,Q69,COVID Behavior Change,Different Behaviors,diffBeh,NA,NA,NA,Which of your current behaviors are most different from your behaviors pre-COVID-19?,difficulty
41,3,Q69,COVID Behavior Change,Different Behaviors,diffBeh,NA,NA,NA,Which of your current behaviors are most different from your behaviors pre-COVID-19?,academic
41,3,Q69,COVID Behavior Change,Different Behaviors,diffBeh,NA,NA,NA,Which of your current behaviors are most different from your behaviors pre-COVID-19?,enjoyed
41,3,Q71,COVID Behavior Change,New Behaviors,newBeh,NA,NA,NA,What do you do now that didn't do before COVID-19?,unproductive
41,3,Q71,COVID Behavior Change,New Behaviors,newBeh,NA,NA,NA,What do you do now that didn't do before COVID-19?,play
41,3,Q71,COVID Behavior Change,New Behaviors,newBeh,NA,NA,NA,What do you do now that didn't do before COVID-19?,guitar
41,3,Q71,COVID Behavior Change,New Behaviors,newBeh,NA,NA,NA,What do you do now that didn't do before COVID-19?,specific
41,3,Q71,COVID Behavior Change,New Behaviors,newBeh,NA,NA,NA,What do you do now that didn't do before COVID-19?,creative
41,3,Q71,COVID Behavior Change,New Behaviors,newBeh,NA,NA,NA,What do you do now that didn't do before COVID-19?,plans
41,3,Q71,COVID Behavior Change,New Behaviors,newBeh,NA,NA,NA,What do you do now that didn't do before COVID-19?,future
42,3,Q69,COVID Behavior Change,Different Behaviors,diffBeh,NA,NA,NA,Which of your current behaviors are most different from your behaviors pre-COVID-19?,friends
42,3,Q69,COVID Behavior Change,Different Behaviors,diffBeh,NA,NA,NA,Which of your current behaviors are most different from your behaviors pre-COVID-19?,apartments
42,3,Q69,COVID Behavior Change,Different Behaviors,diffBeh,NA,NA,NA,Which of your current behaviors are most different from your behaviors pre-COVID-19?,grocery
42,3,Q69,COVID Behavior Change,Different Behaviors,diffBeh,NA,NA,NA,Which of your current behaviors are most different from your behaviors pre-COVID-19?,store
42,3,Q71,COVID Behavior Change,New Behaviors,newBeh,NA,NA,NA,What do you do now that didn't do before COVID-19?,main
42,3,Q71,COVID Behavior Change,New Behaviors,newBeh,NA,NA,NA,What do you do now that didn't do before COVID-19?,spending
42,3,Q71,COVID Behavior Change,New Behaviors,newBeh,NA,NA,NA,What do you do now that didn't do before COVID-19?,time
42,3,Q71,COVID Behavior Change,New Behaviors,newBeh,NA,NA,NA,What do you do now that didn't do before COVID-19?,home
42,3,Q71,COVID Behavior Change,New Behaviors,newBeh,NA,NA,NA,What do you do now that didn't do before COVID-19?,friends
42,3,Q71,COVID Behavior Change,New Behaviors,newBeh,NA,NA,NA,What do you do now that didn't do before COVID-19?,occasionally
42,3,Q71,COVID Behavior Change,New Behaviors,newBeh,NA,NA,NA,What do you do now that didn't do before COVID-19?,grocery
42,3,Q71,COVID Behavior Change,New Behaviors,newBeh,NA,NA,NA,What do you do now that didn't do before COVID-19?,store
43,3,Q69,COVID Behavior Change,Different Behaviors,diffBeh,NA,NA,NA,Which of your current behaviors are most different from your behaviors pre-COVID-19?,amount
43,3,Q69,COVID Behavior Change,Different Behaviors,diffBeh,NA,NA,NA,Which of your current behaviors are most different from your behaviors pre-COVID-19?,time
43,3,Q69,COVID Behavior Change,Different Behaviors,diffBeh,NA,NA,NA,Which of your current behaviors are most different from your behaviors pre-COVID-19?,spend
43,3,Q69,COVID Behavior Change,Different Behaviors,diffBeh,NA,NA,NA,Which of your current behaviors are most different from your behaviors pre-COVID-19?,schoolwork
43,3,Q69,COVID Behavior Change,Different Behaviors,diffBeh,NA,NA,NA,Which of your current behaviors are most different from your behaviors pre-COVID-19?,significantly
43,3,Q69,COVID Behavior Change,Different Behaviors,diffBeh,NA,NA,NA,Which of your current behaviors are most different from your behaviors pre-COVID-19?,decreased
44,3,Q69,COVID Behavior Change,Different Behaviors,diffBeh,NA,NA,NA,Which of your current behaviors are most different from your behaviors pre-COVID-19?,feeling
44,3,Q69,COVID Behavior Change,Different Behaviors,diffBeh,NA,NA,NA,Which of your current behaviors are most different from your behaviors pre-COVID-19?,gratitude
44,3,Q69,COVID Behavior Change,Different Behaviors,diffBeh,NA,NA,NA,Which of your current behaviors are most different from your behaviors pre-COVID-19?,everyday
44,3,Q71,COVID Behavior Change,New Behaviors,newBeh,NA,NA,NA,What do you do now that didn't do before COVID-19?,walks
44,3,Q71,COVID Behavior Change,New Behaviors,newBeh,NA,NA,NA,What do you do now that didn't do before COVID-19?,learn
44,3,Q71,COVID Behavior Change,New Behaviors,newBeh,NA,NA,NA,What do you do now that didn't do before COVID-19?,hobbies
44,3,Q71,COVID Behavior Change,New Behaviors,newBeh,NA,NA,NA,What do you do now that didn't do before COVID-19?,read
44,3,Q71,COVID Behavior Change,New Behaviors,newBeh,NA,NA,NA,What do you do now that didn't do before COVID-19?,books
46,3,Q69,COVID Behavior Change,Different Behaviors,diffBeh,NA,NA,NA,Which of your current behaviors are most different from your behaviors pre-COVID-19?,don
46,3,Q69,COVID Behavior Change,Different Behaviors,diffBeh,NA,NA,NA,Which of your current behaviors are most different from your behaviors pre-COVID-19?,leave
46,3,Q69,COVID Behavior Change,Different Behaviors,diffBeh,NA,NA,NA,Which of your current behaviors are most different from your behaviors pre-COVID-19?,house
46,3,Q69,COVID Behavior Change,Different Behaviors,diffBeh,NA,NA,NA,Which of your current behaviors are most different from your behaviors pre-COVID-19?,don
46,3,Q69,COVID Behavior Change,Different Behaviors,diffBeh,NA,NA,NA,Which of your current behaviors are most different from your behaviors pre-COVID-19?,dress
46,3,Q69,COVID Behavior Change,Different Behaviors,diffBeh,NA,NA,NA,Which of your current behaviors are most different from your behaviors pre-COVID-19?,makeup
46,3,Q69,COVID Behavior Change,Different Behaviors,diffBeh,NA,NA,NA,Which of your current behaviors are most different from your behaviors pre-COVID-19?,anymore
46,3,Q71,COVID Behavior Change,New Behaviors,newBeh,NA,NA,NA,What do you do now that didn't do before COVID-19?,cook
46,3,Q71,COVID Behavior Change,New Behaviors,newBeh,NA,NA,NA,What do you do now that didn't do before COVID-19?,spend
46,3,Q71,COVID Behavior Change,New Behaviors,newBeh,NA,NA,NA,What do you do now that didn't do before COVID-19?,time
46,3,Q71,COVID Behavior Change,New Behaviors,newBeh,NA,NA,NA,What do you do now that didn't do before COVID-19?,home
46,3,Q71,COVID Behavior Change,New Behaviors,newBeh,NA,NA,NA,What do you do now that didn't do before COVID-19?,don
46,3,Q71,COVID Behavior Change,New Behaviors,newBeh,NA,NA,NA,What do you do now that didn't do before COVID-19?,socialize
46,3,Q71,COVID Behavior Change,New Behaviors,newBeh,NA,NA,NA,What do you do now that didn't do before COVID-19?,anymore
46,3,Q71,COVID Behavior Change,New Behaviors,newBeh,NA,NA,NA,What do you do now that didn't do before COVID-19?,comfortable
48,3,Q69,COVID Behavior Change,Different Behaviors,diffBeh,NA,NA,NA,Which of your current behaviors are most different from your behaviors pre-COVID-19?,spend
48,3,Q69,COVID Behavior Change,Different Behaviors,diffBeh,NA,NA,NA,Which of your current behaviors are most different from your behaviors pre-COVID-19?,lot
48,3,Q69,COVID Behavior Change,Different Behaviors,diffBeh,NA,NA,NA,Which of your current behaviors are most different from your behaviors pre-COVID-19?,time
48,3,Q69,COVID Behavior Change,Different Behaviors,diffBeh,NA,NA,NA,Which of your current behaviors are most different from your behaviors pre-COVID-19?,unproductive
48,3,Q69,COVID Behavior Change,Different Behaviors,diffBeh,NA,NA,NA,Which of your current behaviors are most different from your behaviors pre-COVID-19?,watching
48,3,Q69,COVID Behavior Change,Different Behaviors,diffBeh,NA,NA,NA,Which of your current behaviors are most different from your behaviors pre-COVID-19?,tv
48,3,Q71,COVID Behavior Change,New Behaviors,newBeh,NA,NA,NA,What do you do now that didn't do before COVID-19?,watch
48,3,Q71,COVID Behavior Change,New Behaviors,newBeh,NA,NA,NA,What do you do now that didn't do before COVID-19?,netflix
48,3,Q71,COVID Behavior Change,New Behaviors,newBeh,NA,NA,NA,What do you do now that didn't do before COVID-19?,walks
48,3,Q71,COVID Behavior Change,New Behaviors,newBeh,NA,NA,NA,What do you do now that didn't do before COVID-19?,runs
48,3,Q71,COVID Behavior Change,New Behaviors,newBeh,NA,NA,NA,What do you do now that didn't do before COVID-19?,bike
48,3,Q71,COVID Behavior Change,New Behaviors,newBeh,NA,NA,NA,What do you do now that didn't do before COVID-19?,rides
49,3,Q69,COVID Behavior Change,Different Behaviors,diffBeh,NA,NA,NA,Which of your current behaviors are most different from your behaviors pre-COVID-19?,spend
49,3,Q69,COVID Behavior Change,Different Behaviors,diffBeh,NA,NA,NA,Which of your current behaviors are most different from your behaviors pre-COVID-19?,lot
49,3,Q69,COVID Behavior Change,Different Behaviors,diffBeh,NA,NA,NA,Which of your current behaviors are most different from your behaviors pre-COVID-19?,time
49,3,Q69,COVID Behavior Change,Different Behaviors,diffBeh,NA,NA,NA,Which of your current behaviors are most different from your behaviors pre-COVID-19?,run
49,3,Q69,COVID Behavior Change,Different Behaviors,diffBeh,NA,NA,NA,Which of your current behaviors are most different from your behaviors pre-COVID-19?,house
49,3,Q71,COVID Behavior Change,New Behaviors,newBeh,NA,NA,NA,What do you do now that didn't do before COVID-19?,spend
49,3,Q71,COVID Behavior Change,New Behaviors,newBeh,NA,NA,NA,What do you do now that didn't do before COVID-19?,time
49,3,Q71,COVID Behavior Change,New Behaviors,newBeh,NA,NA,NA,What do you do now that didn't do before COVID-19?,home
49,3,Q71,COVID Behavior Change,New Behaviors,newBeh,NA,NA,NA,What do you do now that didn't do before COVID-19?,family
50,3,Q71,COVID Behavior Change,New Behaviors,newBeh,NA,NA,NA,What do you do now that didn't do before COVID-19?,playing
50,3,Q71,COVID Behavior Change,New Behaviors,newBeh,NA,NA,NA,What do you do now that didn't do before COVID-19?,video
50,3,Q71,COVID Behavior Change,New Behaviors,newBeh,NA,NA,NA,What do you do now that didn't do before COVID-19?,games
51,3,Q69,COVID Behavior Change,Different Behaviors,diffBeh,NA,NA,NA,Which of your current behaviors are most different from your behaviors pre-COVID-19?,washing
51,3,Q69,COVID Behavior Change,Different Behaviors,diffBeh,NA,NA,NA,Which of your current behaviors are most different from your behaviors pre-COVID-19?,hands
51,3,Q69,COVID Behavior Change,Different Behaviors,diffBeh,NA,NA,NA,Which of your current behaviors are most different from your behaviors pre-COVID-19?,sanitizing
51,3,Q69,COVID Behavior Change,Different Behaviors,diffBeh,NA,NA,NA,Which of your current behaviors are most different from your behaviors pre-COVID-19?,objects
51,3,Q71,COVID Behavior Change,New Behaviors,newBeh,NA,NA,NA,What do you do now that didn't do before COVID-19?,dog
51,3,Q71,COVID Behavior Change,New Behaviors,newBeh,NA,NA,NA,What do you do now that didn't do before COVID-19?,walks
51,3,Q71,COVID Behavior Change,New Behaviors,newBeh,NA,NA,NA,What do you do now that didn't do before COVID-19?,walk
