SID,rn,wave,item,Inventory,Trait,Facet,Reverse,Mini,Maxi,Modified Item,word,category,valence
1,1,3,Q69,COVID Behavior Change,Different Behaviors,diffBeh,NA,NA,NA,Which of your current behaviors are most different from your behaviors pre-COVID-19?,isolated,mood,negative
1,2,3,Q69,COVID Behavior Change,Different Behaviors,diffBeh,NA,NA,NA,Which of your current behaviors are most different from your behaviors pre-COVID-19?,extroverted,,
1,3,3,Q69,COVID Behavior Change,Different Behaviors,diffBeh,NA,NA,NA,Which of your current behaviors are most different from your behaviors pre-COVID-19?,tempermental,mood,negative
1,4,3,Q71,COVID Behavior Change,New Behaviors,newBeh,NA,NA,NA,What do you do now that didn't do before COVID-19?,live home,location,
1,5,3,Q71,COVID Behavior Change,New Behaviors,newBeh,NA,NA,NA,What do you do now that didn't do before COVID-19?,cook meals,hobbies,
1,6,3,Q71,COVID Behavior Change,New Behaviors,newBeh,NA,NA,NA,What do you do now that didn't do before COVID-19?,watch tv,media,
1,7,3,Q71,COVID Behavior Change,New Behaviors,newBeh,NA,NA,NA,What do you do now that didn't do before COVID-19?,watch movies,media,
1,8,3,Q71,COVID Behavior Change,New Behaviors,newBeh,NA,NA,NA,What do you do now that didn't do before COVID-19?,family,family,
1,9,3,Q71,COVID Behavior Change,New Behaviors,newBeh,NA,NA,NA,What do you do now that didn't do before COVID-19?,talk,communication,
1,10,3,Q71,COVID Behavior Change,New Behaviors,newBeh,NA,NA,NA,What do you do now that didn't do before COVID-19?,grandparents,family,
1,11,3,Q71,COVID Behavior Change,New Behaviors,newBeh,NA,NA,NA,What do you do now that didn't do before COVID-19?,friendship,nonfamily,
1,12,3,Q71,COVID Behavior Change,New Behaviors,newBeh,NA,NA,NA,What do you do now that didn't do before COVID-19?,bracelets,hobbies,
1,13,3,Q71,COVID Behavior Change,New Behaviors,newBeh,NA,NA,NA,What do you do now that didn't do before COVID-19?,random,,
1,14,3,Q71,COVID Behavior Change,New Behaviors,newBeh,NA,NA,NA,What do you do now that didn't do before COVID-19?,crafts,hobbies,
1,15,3,Q71,COVID Behavior Change,New Behaviors,newBeh,NA,NA,NA,What do you do now that didn't do before COVID-19?,daily,,
1,16,3,Q71,COVID Behavior Change,New Behaviors,newBeh,NA,NA,NA,What do you do now that didn't do before COVID-19?,walks,exercise,
1,17,3,Q71,COVID Behavior Change,New Behaviors,newBeh,NA,NA,NA,What do you do now that didn't do before COVID-19?,procrastinate,productivity,
2,18,3,Q69,COVID Behavior Change,Different Behaviors,diffBeh,NA,NA,NA,Which of your current behaviors are most different from your behaviors pre-COVID-19?,stay indoors,location,
2,19,3,Q69,COVID Behavior Change,Different Behaviors,diffBeh,NA,NA,NA,Which of your current behaviors are most different from your behaviors pre-COVID-19?,physically,location,
2,20,3,Q69,COVID Behavior Change,Different Behaviors,diffBeh,NA,NA,NA,Which of your current behaviors are most different from your behaviors pre-COVID-19?,school,location,
2,21,3,Q69,COVID Behavior Change,Different Behaviors,diffBeh,NA,NA,NA,Which of your current behaviors are most different from your behaviors pre-COVID-19?,exercise,exercise,
2,22,3,Q71,COVID Behavior Change,New Behaviors,newBeh,NA,NA,NA,What do you do now that didn't do before COVID-19?,check news,media,
2,23,3,Q71,COVID Behavior Change,New Behaviors,newBeh,NA,NA,NA,What do you do now that didn't do before COVID-19?,frequently,,
2,24,3,Q71,COVID Behavior Change,New Behaviors,newBeh,NA,NA,NA,What do you do now that didn't do before COVID-19?,read,hobbies,
2,25,3,Q71,COVID Behavior Change,New Behaviors,newBeh,NA,NA,NA,What do you do now that didn't do before COVID-19?,learn,school,
2,26,3,Q71,COVID Behavior Change,New Behaviors,newBeh,NA,NA,NA,What do you do now that didn't do before COVID-19?,internet,media,
3,27,3,Q69,COVID Behavior Change,Different Behaviors,diffBeh,NA,NA,NA,Which of your current behaviors are most different from your behaviors pre-COVID-19?,family,family,
3,28,3,Q69,COVID Behavior Change,Different Behaviors,diffBeh,NA,NA,NA,Which of your current behaviors are most different from your behaviors pre-COVID-19?,constant,time,
3,29,3,Q69,COVID Behavior Change,Different Behaviors,diffBeh,NA,NA,NA,Which of your current behaviors are most different from your behaviors pre-COVID-19?,school,school,
3,30,3,Q69,COVID Behavior Change,Different Behaviors,diffBeh,NA,NA,NA,Which of your current behaviors are most different from your behaviors pre-COVID-19?,breaks,,
3,31,3,Q69,COVID Behavior Change,Different Behaviors,diffBeh,NA,NA,NA,Which of your current behaviors are most different from your behaviors pre-COVID-19?,phone,communication,
3,32,3,Q69,COVID Behavior Change,Different Behaviors,diffBeh,NA,NA,NA,Which of your current behaviors are most different from your behaviors pre-COVID-19?,screen time,media,
3,33,3,Q69,COVID Behavior Change,Different Behaviors,diffBeh,NA,NA,NA,Which of your current behaviors are most different from your behaviors pre-COVID-19?,significantly,,
3,34,3,Q69,COVID Behavior Change,Different Behaviors,diffBeh,NA,NA,NA,Which of your current behaviors are most different from your behaviors pre-COVID-19?,increased,,
3,35,3,Q69,COVID Behavior Change,Different Behaviors,diffBeh,NA,NA,NA,Which of your current behaviors are most different from your behaviors pre-COVID-19?,amount,,
3,36,3,Q69,COVID Behavior Change,Different Behaviors,diffBeh,NA,NA,NA,Which of your current behaviors are most different from your behaviors pre-COVID-19?,procrastination,productivity,
3,37,3,Q69,COVID Behavior Change,Different Behaviors,diffBeh,NA,NA,NA,Which of your current behaviors are most different from your behaviors pre-COVID-19?,engage,,
4,38,3,Q69,COVID Behavior Change,Different Behaviors,diffBeh,NA,NA,NA,Which of your current behaviors are most different from your behaviors pre-COVID-19?,avoid people,social distancing,
4,39,3,Q69,COVID Behavior Change,Different Behaviors,diffBeh,NA,NA,NA,Which of your current behaviors are most different from your behaviors pre-COVID-19?,sense,,
4,40,3,Q69,COVID Behavior Change,Different Behaviors,diffBeh,NA,NA,NA,Which of your current behaviors are most different from your behaviors pre-COVID-19?,cleanliness,sanitation,
4,41,3,Q69,COVID Behavior Change,Different Behaviors,diffBeh,NA,NA,NA,Which of your current behaviors are most different from your behaviors pre-COVID-19?,inside,location,
4,42,3,Q69,COVID Behavior Change,Different Behaviors,diffBeh,NA,NA,NA,Which of your current behaviors are most different from your behaviors pre-COVID-19?,day,,
4,43,3,Q69,COVID Behavior Change,Different Behaviors,diffBeh,NA,NA,NA,Which of your current behaviors are most different from your behaviors pre-COVID-19?,nice,,
4,44,3,Q71,COVID Behavior Change,New Behaviors,newBeh,NA,NA,NA,What do you do now that didn't do before COVID-19?,home,location,
4,45,3,Q71,COVID Behavior Change,New Behaviors,newBeh,NA,NA,NA,What do you do now that didn't do before COVID-19?,run,exercise,
4,46,3,Q71,COVID Behavior Change,New Behaviors,newBeh,NA,NA,NA,What do you do now that didn't do before COVID-19?,avoid people,social distancing,
4,47,3,Q71,COVID Behavior Change,New Behaviors,newBeh,NA,NA,NA,What do you do now that didn't do before COVID-19?,wash hands,sanitation,
4,48,3,Q71,COVID Behavior Change,New Behaviors,newBeh,NA,NA,NA,What do you do now that didn't do before COVID-19?,wash groceries,sanitation,
4,49,3,Q71,COVID Behavior Change,New Behaviors,newBeh,NA,NA,NA,What do you do now that didn't do before COVID-19?,wear mask,social distancing,
4,50,3,Q71,COVID Behavior Change,New Behaviors,newBeh,NA,NA,NA,What do you do now that didn't do before COVID-19?,wear gloves,social distancing,
5,51,3,Q69,COVID Behavior Change,Different Behaviors,diffBeh,NA,NA,NA,Which of your current behaviors are most different from your behaviors pre-COVID-19?,spending time,,
5,52,3,Q69,COVID Behavior Change,Different Behaviors,diffBeh,NA,NA,NA,Which of your current behaviors are most different from your behaviors pre-COVID-19?,friends,nonfamily,
5,53,3,Q69,COVID Behavior Change,Different Behaviors,diffBeh,NA,NA,NA,Which of your current behaviors are most different from your behaviors pre-COVID-19?,amount of time,,
5,54,3,Q69,COVID Behavior Change,Different Behaviors,diffBeh,NA,NA,NA,Which of your current behaviors are most different from your behaviors pre-COVID-19?,spend,,
5,55,3,Q71,COVID Behavior Change,New Behaviors,newBeh,NA,NA,NA,What do you do now that didn't do before COVID-19?,strengthening,exercise,
5,56,3,Q71,COVID Behavior Change,New Behaviors,newBeh,NA,NA,NA,What do you do now that didn't do before COVID-19?,workouts,exercise,
5,57,3,Q71,COVID Behavior Change,New Behaviors,newBeh,NA,NA,NA,What do you do now that didn't do before COVID-19?,cardio,exercise,
5,58,3,Q71,COVID Behavior Change,New Behaviors,newBeh,NA,NA,NA,What do you do now that didn't do before COVID-19?,gardening,hobbies,
5,59,3,Q71,COVID Behavior Change,New Behaviors,newBeh,NA,NA,NA,What do you do now that didn't do before COVID-19?,cook,hobbies,
5,60,3,Q71,COVID Behavior Change,New Behaviors,newBeh,NA,NA,NA,What do you do now that didn't do before COVID-19?,watch netflix,media,
6,61,3,Q69,COVID Behavior Change,Different Behaviors,diffBeh,NA,NA,NA,Which of your current behaviors are most different from your behaviors pre-COVID-19?,sleep,sleep,
6,62,3,Q69,COVID Behavior Change,Different Behaviors,diffBeh,NA,NA,NA,Which of your current behaviors are most different from your behaviors pre-COVID-19?,eating habits,eating,
7,63,3,Q69,COVID Behavior Change,Different Behaviors,diffBeh,NA,NA,NA,Which of your current behaviors are most different from your behaviors pre-COVID-19?,friends,nonfamily,
7,64,3,Q69,COVID Behavior Change,Different Behaviors,diffBeh,NA,NA,NA,Which of your current behaviors are most different from your behaviors pre-COVID-19?,person,,
7,65,3,Q69,COVID Behavior Change,Different Behaviors,diffBeh,NA,NA,NA,Which of your current behaviors are most different from your behaviors pre-COVID-19?,eating meals,eating,
7,66,3,Q69,COVID Behavior Change,Different Behaviors,diffBeh,NA,NA,NA,Which of your current behaviors are most different from your behaviors pre-COVID-19?,hanging,,
7,67,3,Q69,COVID Behavior Change,Different Behaviors,diffBeh,NA,NA,NA,Which of your current behaviors are most different from your behaviors pre-COVID-19?,day,,
7,68,3,Q71,COVID Behavior Change,New Behaviors,newBeh,NA,NA,NA,What do you do now that didn't do before COVID-19?,live,,
7,69,3,Q71,COVID Behavior Change,New Behaviors,newBeh,NA,NA,NA,What do you do now that didn't do before COVID-19?,home,location,
7,70,3,Q71,COVID Behavior Change,New Behaviors,newBeh,NA,NA,NA,What do you do now that didn't do before COVID-19?,stay indoors,location,
7,71,3,Q71,COVID Behavior Change,New Behaviors,newBeh,NA,NA,NA,What do you do now that didn't do before COVID-19?,days,,
7,72,3,Q71,COVID Behavior Change,New Behaviors,newBeh,NA,NA,NA,What do you do now that didn't do before COVID-19?,time,,
7,73,3,Q71,COVID Behavior Change,New Behaviors,newBeh,NA,NA,NA,What do you do now that didn't do before COVID-19?,spending time,,
7,75,3,Q71,COVID Behavior Change,New Behaviors,newBeh,NA,NA,NA,What do you do now that didn't do before COVID-19?,friends,nonfamily,
7,76,3,Q71,COVID Behavior Change,New Behaviors,newBeh,NA,NA,NA,What do you do now that didn't do before COVID-19?,person,,
7,77,3,Q71,COVID Behavior Change,New Behaviors,newBeh,NA,NA,NA,What do you do now that didn't do before COVID-19?,parents,family,
7,78,3,Q71,COVID Behavior Change,New Behaviors,newBeh,NA,NA,NA,What do you do now that didn't do before COVID-19?,day,,
7,79,3,Q71,COVID Behavior Change,New Behaviors,newBeh,NA,NA,NA,What do you do now that didn't do before COVID-19?,watch tv,media,
7,80,3,Q71,COVID Behavior Change,New Behaviors,newBeh,NA,NA,NA,What do you do now that didn't do before COVID-19?,episode,media,
7,81,3,Q71,COVID Behavior Change,New Behaviors,newBeh,NA,NA,NA,What do you do now that didn't do before COVID-19?,day,,
7,82,3,Q71,COVID Behavior Change,New Behaviors,newBeh,NA,NA,NA,What do you do now that didn't do before COVID-19?,wake earlier,sleep,
7,83,3,Q71,COVID Behavior Change,New Behaviors,newBeh,NA,NA,NA,What do you do now that didn't do before COVID-19?,classes online,school,
7,84,3,Q71,COVID Behavior Change,New Behaviors,newBeh,NA,NA,NA,What do you do now that didn't do before COVID-19?,volunteer,prosociality,
7,85,3,Q71,COVID Behavior Change,New Behaviors,newBeh,NA,NA,NA,What do you do now that didn't do before COVID-19?,tutoring,prosociality,
7,86,3,Q71,COVID Behavior Change,New Behaviors,newBeh,NA,NA,NA,What do you do now that didn't do before COVID-19?,classes,school,
7,87,3,Q71,COVID Behavior Change,New Behaviors,newBeh,NA,NA,NA,What do you do now that didn't do before COVID-19?,complete assignments online,school,
8,88,3,Q69,COVID Behavior Change,Different Behaviors,diffBeh,NA,NA,NA,Which of your current behaviors are most different from your behaviors pre-COVID-19?,spending time,time,
8,89,3,Q69,COVID Behavior Change,Different Behaviors,diffBeh,NA,NA,NA,Which of your current behaviors are most different from your behaviors pre-COVID-19?,family,family,
8,90,3,Q69,COVID Behavior Change,Different Behaviors,diffBeh,NA,NA,NA,Which of your current behaviors are most different from your behaviors pre-COVID-19?,friends,nonfamily,
8,91,3,Q71,COVID Behavior Change,New Behaviors,newBeh,NA,NA,NA,What do you do now that didn't do before COVID-19?,spending time,time,
8,92,3,Q71,COVID Behavior Change,New Behaviors,newBeh,NA,NA,NA,What do you do now that didn't do before COVID-19?,family,family,
9,93,3,Q69,COVID Behavior Change,Different Behaviors,diffBeh,NA,NA,NA,Which of your current behaviors are most different from your behaviors pre-COVID-19?,feel,,
9,94,3,Q69,COVID Behavior Change,Different Behaviors,diffBeh,NA,NA,NA,Which of your current behaviors are most different from your behaviors pre-COVID-19?,lot,,
9,95,3,Q69,COVID Behavior Change,Different Behaviors,diffBeh,NA,NA,NA,Which of your current behaviors are most different from your behaviors pre-COVID-19?,busy,mood,negative
9,96,3,Q69,COVID Behavior Change,Different Behaviors,diffBeh,NA,NA,NA,Which of your current behaviors are most different from your behaviors pre-COVID-19?,night,time,
9,97,3,Q71,COVID Behavior Change,New Behaviors,newBeh,NA,NA,NA,What do you do now that didn't do before COVID-19?,home,location,
9,98,3,Q71,COVID Behavior Change,New Behaviors,newBeh,NA,NA,NA,What do you do now that didn't do before COVID-19?,live,,
9,99,3,Q71,COVID Behavior Change,New Behaviors,newBeh,NA,NA,NA,What do you do now that didn't do before COVID-19?,bunch,,
9,100,3,Q71,COVID Behavior Change,New Behaviors,newBeh,NA,NA,NA,What do you do now that didn't do before COVID-19?,friends,nonfamily,
10,101,3,Q69,COVID Behavior Change,Different Behaviors,diffBeh,NA,NA,NA,Which of your current behaviors are most different from your behaviors pre-COVID-19?,workout routine,exercise,
10,102,3,Q69,COVID Behavior Change,Different Behaviors,diffBeh,NA,NA,NA,Which of your current behaviors are most different from your behaviors pre-COVID-19?,gym,exercise,
10,103,3,Q69,COVID Behavior Change,Different Behaviors,diffBeh,NA,NA,NA,Which of your current behaviors are most different from your behaviors pre-COVID-19?,track,exercise,
10,104,3,Q71,COVID Behavior Change,New Behaviors,newBeh,NA,NA,NA,What do you do now that didn't do before COVID-19?,stay home,location,
10,105,3,Q71,COVID Behavior Change,New Behaviors,newBeh,NA,NA,NA,What do you do now that didn't do before COVID-19?,lot,,
11,106,3,Q71,COVID Behavior Change,New Behaviors,newBeh,NA,NA,NA,What do you do now that didn't do before COVID-19?,roommate,nonfamily,
11,107,3,Q71,COVID Behavior Change,New Behaviors,newBeh,NA,NA,NA,What do you do now that didn't do before COVID-19?,moved,,
11,108,3,Q71,COVID Behavior Change,New Behaviors,newBeh,NA,NA,NA,What do you do now that didn't do before COVID-19?,essentially,,
11,109,3,Q71,COVID Behavior Change,New Behaviors,newBeh,NA,NA,NA,What do you do now that didn't do before COVID-19?,moved,,
11,110,3,Q71,COVID Behavior Change,New Behaviors,newBeh,NA,NA,NA,What do you do now that didn't do before COVID-19?,boys,nonfamily,
11,111,3,Q71,COVID Behavior Change,New Behaviors,newBeh,NA,NA,NA,What do you do now that didn't do before COVID-19?,live,,
11,112,3,Q71,COVID Behavior Change,New Behaviors,newBeh,NA,NA,NA,What do you do now that didn't do before COVID-19?,apartment building,location,
11,113,3,Q71,COVID Behavior Change,New Behaviors,newBeh,NA,NA,NA,What do you do now that didn't do before COVID-19?,human contact,nonfamily,
11,114,3,Q71,COVID Behavior Change,New Behaviors,newBeh,NA,NA,NA,What do you do now that didn't do before COVID-19?,bring,,
11,115,3,Q71,COVID Behavior Change,New Behaviors,newBeh,NA,NA,NA,What do you do now that didn't do before COVID-19?,food,,
13,116,3,Q69,COVID Behavior Change,Different Behaviors,diffBeh,NA,NA,NA,Which of your current behaviors are most different from your behaviors pre-COVID-19?,family,family,
13,117,3,Q69,COVID Behavior Change,Different Behaviors,diffBeh,NA,NA,NA,Which of your current behaviors are most different from your behaviors pre-COVID-19?,friend,nonfamily,
13,118,3,Q69,COVID Behavior Change,Different Behaviors,diffBeh,NA,NA,NA,Which of your current behaviors are most different from your behaviors pre-COVID-19?,video chat,communication,
13,119,3,Q71,COVID Behavior Change,New Behaviors,newBeh,NA,NA,NA,What do you do now that didn't do before COVID-19?,stay home,location,
13,120,3,Q71,COVID Behavior Change,New Behaviors,newBeh,NA,NA,NA,What do you do now that didn't do before COVID-19?,active,exercise,
13,121,3,Q71,COVID Behavior Change,New Behaviors,newBeh,NA,NA,NA,What do you do now that didn't do before COVID-19?,unhappy,mood,negative
14,122,3,Q69,COVID Behavior Change,Different Behaviors,diffBeh,NA,NA,NA,Which of your current behaviors are most different from your behaviors pre-COVID-19?,leaving house,social distancing,
14,123,3,Q71,COVID Behavior Change,New Behaviors,newBeh,NA,NA,NA,What do you do now that didn't do before COVID-19?,isolating,social distancing,
14,124,3,Q71,COVID Behavior Change,New Behaviors,newBeh,NA,NA,NA,What do you do now that didn't do before COVID-19?,leaving house,social distancing,
14,125,3,Q71,COVID Behavior Change,New Behaviors,newBeh,NA,NA,NA,What do you do now that didn't do before COVID-19?,covid,,
14,126,3,Q71,COVID Behavior Change,New Behaviors,newBeh,NA,NA,NA,What do you do now that didn't do before COVID-19?,leaving house,social distancing,
14,127,3,Q71,COVID Behavior Change,New Behaviors,newBeh,NA,NA,NA,What do you do now that didn't do before COVID-19?,house,location,
16,128,3,Q69,COVID Behavior Change,Different Behaviors,diffBeh,NA,NA,NA,Which of your current behaviors are most different from your behaviors pre-COVID-19?,rarely,,
16,129,3,Q69,COVID Behavior Change,Different Behaviors,diffBeh,NA,NA,NA,Which of your current behaviors are most different from your behaviors pre-COVID-19?,socialize,communication,
16,130,3,Q69,COVID Behavior Change,Different Behaviors,diffBeh,NA,NA,NA,Which of your current behaviors are most different from your behaviors pre-COVID-19?,person,,
16,131,3,Q69,COVID Behavior Change,Different Behaviors,diffBeh,NA,NA,NA,Which of your current behaviors are most different from your behaviors pre-COVID-19?,person,,
16,132,3,Q69,COVID Behavior Change,Different Behaviors,diffBeh,NA,NA,NA,Which of your current behaviors are most different from your behaviors pre-COVID-19?,boyfriend,nonfamily,
16,133,3,Q69,COVID Behavior Change,Different Behaviors,diffBeh,NA,NA,NA,Which of your current behaviors are most different from your behaviors pre-COVID-19?,person,,
16,134,3,Q69,COVID Behavior Change,Different Behaviors,diffBeh,NA,NA,NA,Which of your current behaviors are most different from your behaviors pre-COVID-19?,stay,social distancing,
16,135,3,Q71,COVID Behavior Change,New Behaviors,newBeh,NA,NA,NA,What do you do now that didn't do before COVID-19?,sleep,don't sleep a lot,
16,136,3,Q71,COVID Behavior Change,New Behaviors,newBeh,NA,NA,NA,What do you do now that didn't do before COVID-19?,eat,eat,
17,137,3,Q69,COVID Behavior Change,Different Behaviors,diffBeh,NA,NA,NA,Which of your current behaviors are most different from your behaviors pre-COVID-19?,video chat,communication,
17,138,3,Q69,COVID Behavior Change,Different Behaviors,diffBeh,NA,NA,NA,Which of your current behaviors are most different from your behaviors pre-COVID-19?,friends,nonfamily,
17,139,3,Q69,COVID Behavior Change,Different Behaviors,diffBeh,NA,NA,NA,Which of your current behaviors are most different from your behaviors pre-COVID-19?,increased,,
17,140,3,Q69,COVID Behavior Change,Different Behaviors,diffBeh,NA,NA,NA,Which of your current behaviors are most different from your behaviors pre-COVID-19?,dramatically,,
17,141,3,Q71,COVID Behavior Change,New Behaviors,newBeh,NA,NA,NA,What do you do now that didn't do before COVID-19?,avoid news,media,
18,142,3,Q69,COVID Behavior Change,Different Behaviors,diffBeh,NA,NA,NA,Which of your current behaviors are most different from your behaviors pre-COVID-19?,don,,
18,143,3,Q69,COVID Behavior Change,Different Behaviors,diffBeh,NA,NA,NA,Which of your current behaviors are most different from your behaviors pre-COVID-19?,friends,nonfamily,
18,144,3,Q69,COVID Behavior Change,Different Behaviors,diffBeh,NA,NA,NA,Which of your current behaviors are most different from your behaviors pre-COVID-19?,public,social distancing,
18,145,3,Q71,COVID Behavior Change,New Behaviors,newBeh,NA,NA,NA,What do you do now that didn't do before COVID-19?,don,,
18,146,3,Q71,COVID Behavior Change,New Behaviors,newBeh,NA,NA,NA,What do you do now that didn't do before COVID-19?,don't leave house,social distancing,
18,147,3,Q71,COVID Behavior Change,New Behaviors,newBeh,NA,NA,NA,What do you do now that didn't do before COVID-19?,anymore,,
19,148,3,Q69,COVID Behavior Change,Different Behaviors,diffBeh,NA,NA,NA,Which of your current behaviors are most different from your behaviors pre-COVID-19?,phone,communication,
19,149,3,Q69,COVID Behavior Change,Different Behaviors,diffBeh,NA,NA,NA,Which of your current behaviors are most different from your behaviors pre-COVID-19?,day,,
19,150,3,Q69,COVID Behavior Change,Different Behaviors,diffBeh,NA,NA,NA,Which of your current behaviors are most different from your behaviors pre-COVID-19?,watch tv,media,
19,151,3,Q69,COVID Behavior Change,Different Behaviors,diffBeh,NA,NA,NA,Which of your current behaviors are most different from your behaviors pre-COVID-19?,haven,,
19,152,3,Q69,COVID Behavior Change,Different Behaviors,diffBeh,NA,NA,NA,Which of your current behaviors are most different from your behaviors pre-COVID-19?,hobbies,hobbies,
19,153,3,Q71,COVID Behavior Change,New Behaviors,newBeh,NA,NA,NA,What do you do now that didn't do before COVID-19?,play video games,games,
19,154,3,Q71,COVID Behavior Change,New Behaviors,newBeh,NA,NA,NA,What do you do now that didn't do before COVID-19?,walks,exercise,
19,155,3,Q71,COVID Behavior Change,New Behaviors,newBeh,NA,NA,NA,What do you do now that didn't do before COVID-19?,workout inside,exercise,
19,156,3,Q71,COVID Behavior Change,New Behaviors,newBeh,NA,NA,NA,What do you do now that didn't do before COVID-19?,house,location,
20,157,3,Q69,COVID Behavior Change,Different Behaviors,diffBeh,NA,NA,NA,Which of your current behaviors are most different from your behaviors pre-COVID-19?,classes,school,
20,158,3,Q71,COVID Behavior Change,New Behaviors,newBeh,NA,NA,NA,What do you do now that didn't do before COVID-19?,sew masks,hobbies,
21,159,3,Q69,COVID Behavior Change,Different Behaviors,diffBeh,NA,NA,NA,Which of your current behaviors are most different from your behaviors pre-COVID-19?,sleep erratically,sleep,
21,160,3,Q69,COVID Behavior Change,Different Behaviors,diffBeh,NA,NA,NA,Which of your current behaviors are most different from your behaviors pre-COVID-19?,harder time focusing,productivity,
21,161,3,Q69,COVID Behavior Change,Different Behaviors,diffBeh,NA,NA,NA,Which of your current behaviors are most different from your behaviors pre-COVID-19?,schoolwork,school,
22,162,3,Q69,COVID Behavior Change,Different Behaviors,diffBeh,NA,NA,NA,Which of your current behaviors are most different from your behaviors pre-COVID-19?,home,location,
22,163,3,Q69,COVID Behavior Change,Different Behaviors,diffBeh,NA,NA,NA,Which of your current behaviors are most different from your behaviors pre-COVID-19?,daily,,
22,164,3,Q69,COVID Behavior Change,Different Behaviors,diffBeh,NA,NA,NA,Which of your current behaviors are most different from your behaviors pre-COVID-19?,schedule,organization,
23,165,3,Q69,COVID Behavior Change,Different Behaviors,diffBeh,NA,NA,NA,Which of your current behaviors are most different from your behaviors pre-COVID-19?,meeting,meeting,
23,166,3,Q69,COVID Behavior Change,Different Behaviors,diffBeh,NA,NA,NA,Which of your current behaviors are most different from your behaviors pre-COVID-19?,friends,nonfamily,
23,167,3,Q69,COVID Behavior Change,Different Behaviors,diffBeh,NA,NA,NA,Which of your current behaviors are most different from your behaviors pre-COVID-19?,person,,
23,168,3,Q71,COVID Behavior Change,New Behaviors,newBeh,NA,NA,NA,What do you do now that didn't do before COVID-19?,bullet journal,organization,
24,169,3,Q69,COVID Behavior Change,Different Behaviors,diffBeh,NA,NA,NA,Which of your current behaviors are most different from your behaviors pre-COVID-19?,spending time,,
24,170,3,Q69,COVID Behavior Change,Different Behaviors,diffBeh,NA,NA,NA,Which of your current behaviors are most different from your behaviors pre-COVID-19?,lot,,
24,171,3,Q69,COVID Behavior Change,Different Behaviors,diffBeh,NA,NA,NA,Which of your current behaviors are most different from your behaviors pre-COVID-19?,family,family,
24,172,3,Q69,COVID Behavior Change,Different Behaviors,diffBeh,NA,NA,NA,Which of your current behaviors are most different from your behaviors pre-COVID-19?,house,location,
24,173,3,Q71,COVID Behavior Change,New Behaviors,newBeh,NA,NA,NA,What do you do now that didn't do before COVID-19?,people,,
24,174,3,Q71,COVID Behavior Change,New Behaviors,newBeh,NA,NA,NA,What do you do now that didn't do before COVID-19?,extremely,,
24,175,3,Q71,COVID Behavior Change,New Behaviors,newBeh,NA,NA,NA,What do you do now that didn't do before COVID-19?,selfish,,
24,176,3,Q71,COVID Behavior Change,New Behaviors,newBeh,NA,NA,NA,What do you do now that didn't do before COVID-19?,hoarding,,
24,177,3,Q71,COVID Behavior Change,New Behaviors,newBeh,NA,NA,NA,What do you do now that didn't do before COVID-19?,supplies,,
24,178,3,Q71,COVID Behavior Change,New Behaviors,newBeh,NA,NA,NA,What do you do now that didn't do before COVID-19?,hanging,,
24,179,3,Q71,COVID Behavior Change,New Behaviors,newBeh,NA,NA,NA,What do you do now that didn't do before COVID-19?,friends,nonfamily,
25,180,3,Q69,COVID Behavior Change,Different Behaviors,diffBeh,NA,NA,NA,Which of your current behaviors are most different from your behaviors pre-COVID-19?,frequency,,
25,181,3,Q69,COVID Behavior Change,Different Behaviors,diffBeh,NA,NA,NA,Which of your current behaviors are most different from your behaviors pre-COVID-19?,visit,,
25,182,3,Q69,COVID Behavior Change,Different Behaviors,diffBeh,NA,NA,NA,Which of your current behaviors are most different from your behaviors pre-COVID-19?,friends,nonfamily,
25,183,3,Q71,COVID Behavior Change,New Behaviors,newBeh,NA,NA,NA,What do you do now that didn't do before COVID-19?,stay indoors,social distancing,
25,184,3,Q71,COVID Behavior Change,New Behaviors,newBeh,NA,NA,NA,What do you do now that didn't do before COVID-19?,friends,nonfamily,
25,185,3,Q71,COVID Behavior Change,New Behaviors,newBeh,NA,NA,NA,What do you do now that didn't do before COVID-19?,highschool,,
25,186,3,Q71,COVID Behavior Change,New Behaviors,newBeh,NA,NA,NA,What do you do now that didn't do before COVID-19?,friends,nonfamily,
25,187,3,Q71,COVID Behavior Change,New Behaviors,newBeh,NA,NA,NA,What do you do now that didn't do before COVID-19?,stuck,social distancing,
25,188,3,Q71,COVID Behavior Change,New Behaviors,newBeh,NA,NA,NA,What do you do now that didn't do before COVID-19?,kansas,,
25,189,3,Q71,COVID Behavior Change,New Behaviors,newBeh,NA,NA,NA,What do you do now that didn't do before COVID-19?,minutes,time,
26,190,3,Q69,COVID Behavior Change,Different Behaviors,diffBeh,NA,NA,NA,Which of your current behaviors are most different from your behaviors pre-COVID-19?,health behaviors,sanitation,
26,191,3,Q71,COVID Behavior Change,New Behaviors,newBeh,NA,NA,NA,What do you do now that didn't do before COVID-19?,yoga,exercise,
26,192,3,Q71,COVID Behavior Change,New Behaviors,newBeh,NA,NA,NA,What do you do now that didn't do before COVID-19?,eat,eat,
26,193,3,Q71,COVID Behavior Change,New Behaviors,newBeh,NA,NA,NA,What do you do now that didn't do before COVID-19?,healthier,eat,
26,194,3,Q71,COVID Behavior Change,New Behaviors,newBeh,NA,NA,NA,What do you do now that didn't do before COVID-19?,baking,hobbies,
26,195,3,Q71,COVID Behavior Change,New Behaviors,newBeh,NA,NA,NA,What do you do now that didn't do before COVID-19?,cook,hobbies,
26,196,3,Q71,COVID Behavior Change,New Behaviors,newBeh,NA,NA,NA,What do you do now that didn't do before COVID-19?,read,hobbies,
27,197,3,Q69,COVID Behavior Change,Different Behaviors,diffBeh,NA,NA,NA,Which of your current behaviors are most different from your behaviors pre-COVID-19?,home,location,
27,198,3,Q69,COVID Behavior Change,Different Behaviors,diffBeh,NA,NA,NA,Which of your current behaviors are most different from your behaviors pre-COVID-19?,lot,,
27,199,3,Q69,COVID Behavior Change,Different Behaviors,diffBeh,NA,NA,NA,Which of your current behaviors are most different from your behaviors pre-COVID-19?,don't drink,alcohol,(none)
27,200,3,Q69,COVID Behavior Change,Different Behaviors,diffBeh,NA,NA,NA,Which of your current behaviors are most different from your behaviors pre-COVID-19?,anymore,,
27,201,3,Q69,COVID Behavior Change,Different Behaviors,diffBeh,NA,NA,NA,Which of your current behaviors are most different from your behaviors pre-COVID-19?,house,location,
27,202,3,Q69,COVID Behavior Change,Different Behaviors,diffBeh,NA,NA,NA,Which of your current behaviors are most different from your behaviors pre-COVID-19?,don't drink,alcohol,(none)
27,203,3,Q69,COVID Behavior Change,Different Behaviors,diffBeh,NA,NA,NA,Which of your current behaviors are most different from your behaviors pre-COVID-19?,free,,
27,204,3,Q69,COVID Behavior Change,Different Behaviors,diffBeh,NA,NA,NA,Which of your current behaviors are most different from your behaviors pre-COVID-19?,spending time,,
27,207,3,Q69,COVID Behavior Change,Different Behaviors,diffBeh,NA,NA,NA,Which of your current behaviors are most different from your behaviors pre-COVID-19?,baking,hobbies,
27,208,3,Q69,COVID Behavior Change,Different Behaviors,diffBeh,NA,NA,NA,Which of your current behaviors are most different from your behaviors pre-COVID-19?,cook,hobbies,
27,209,3,Q69,COVID Behavior Change,Different Behaviors,diffBeh,NA,NA,NA,Which of your current behaviors are most different from your behaviors pre-COVID-19?,playing games,games,
27,210,3,Q69,COVID Behavior Change,Different Behaviors,diffBeh,NA,NA,NA,Which of your current behaviors are most different from your behaviors pre-COVID-19?,family,family,
27,211,3,Q71,COVID Behavior Change,New Behaviors,newBeh,NA,NA,NA,What do you do now that didn't do before COVID-19?,lot,,
27,212,3,Q71,COVID Behavior Change,New Behaviors,newBeh,NA,NA,NA,What do you do now that didn't do before COVID-19?,run,exercise,
27,213,3,Q71,COVID Behavior Change,New Behaviors,newBeh,NA,NA,NA,What do you do now that didn't do before COVID-19?,participate,,
27,214,3,Q71,COVID Behavior Change,New Behaviors,newBeh,NA,NA,NA,What do you do now that didn't do before COVID-19?,sport,exercise,
27,215,3,Q71,COVID Behavior Change,New Behaviors,newBeh,NA,NA,NA,What do you do now that didn't do before COVID-19?,swimming,exercise,
27,216,3,Q71,COVID Behavior Change,New Behaviors,newBeh,NA,NA,NA,What do you do now that didn't do before COVID-19?,started,,
27,217,3,Q71,COVID Behavior Change,New Behaviors,newBeh,NA,NA,NA,What do you do now that didn't do before COVID-19?,learning,hobbies,
27,218,3,Q71,COVID Behavior Change,New Behaviors,newBeh,NA,NA,NA,What do you do now that didn't do before COVID-19?,cook,hobbies,
27,219,3,Q71,COVID Behavior Change,New Behaviors,newBeh,NA,NA,NA,What do you do now that didn't do before COVID-19?,ve,,
27,220,3,Q71,COVID Behavior Change,New Behaviors,newBeh,NA,NA,NA,What do you do now that didn't do before COVID-19?,baking,hobbies,
27,221,3,Q71,COVID Behavior Change,New Behaviors,newBeh,NA,NA,NA,What do you do now that didn't do before COVID-19?,friends,nonfamily,
27,222,3,Q71,COVID Behavior Change,New Behaviors,newBeh,NA,NA,NA,What do you do now that didn't do before COVID-19?,leaving gifts in mail boxes,prosociality,
28,223,3,Q69,COVID Behavior Change,Different Behaviors,diffBeh,NA,NA,NA,Which of your current behaviors are most different from your behaviors pre-COVID-19?,answer,,
28,224,3,Q69,COVID Behavior Change,Different Behaviors,diffBeh,NA,NA,NA,Which of your current behaviors are most different from your behaviors pre-COVID-19?,didn,,
28,225,3,Q69,COVID Behavior Change,Different Behaviors,diffBeh,NA,NA,NA,Which of your current behaviors are most different from your behaviors pre-COVID-19?,covid,,
28,226,3,Q71,COVID Behavior Change,New Behaviors,newBeh,NA,NA,NA,What do you do now that didn't do before COVID-19?,staying,,
28,227,3,Q71,COVID Behavior Change,New Behaviors,newBeh,NA,NA,NA,What do you do now that didn't do before COVID-19?,regularly,,
28,228,3,Q71,COVID Behavior Change,New Behaviors,newBeh,NA,NA,NA,What do you do now that didn't do before COVID-19?,3am,slep,
28,229,3,Q71,COVID Behavior Change,New Behaviors,newBeh,NA,NA,NA,What do you do now that didn't do before COVID-19?,sleep,sleep,
28,230,3,Q71,COVID Behavior Change,New Behaviors,newBeh,NA,NA,NA,What do you do now that didn't do before COVID-19?,noon,,
28,231,3,Q71,COVID Behavior Change,New Behaviors,newBeh,NA,NA,NA,What do you do now that didn't do before COVID-19?,prior,,
28,232,3,Q71,COVID Behavior Change,New Behaviors,newBeh,NA,NA,NA,What do you do now that didn't do before COVID-19?,covid,,
28,233,3,Q71,COVID Behavior Change,New Behaviors,newBeh,NA,NA,NA,What do you do now that didn't do before COVID-19?,bedtime at midnight,sleep,
28,234,3,Q71,COVID Behavior Change,New Behaviors,newBeh,NA,NA,NA,What do you do now that didn't do before COVID-19?,wake,sleep,
28,235,3,Q71,COVID Behavior Change,New Behaviors,newBeh,NA,NA,NA,What do you do now that didn't do before COVID-19?,decided,,
28,236,3,Q71,COVID Behavior Change,New Behaviors,newBeh,NA,NA,NA,What do you do now that didn't do before COVID-19?,start,,
28,237,3,Q71,COVID Behavior Change,New Behaviors,newBeh,NA,NA,NA,What do you do now that didn't do before COVID-19?,learning turkish,hobbies,
28,238,3,Q71,COVID Behavior Change,New Behaviors,newBeh,NA,NA,NA,What do you do now that didn't do before COVID-19?,bored,mood,negative
28,239,3,Q71,COVID Behavior Change,New Behaviors,newBeh,NA,NA,NA,What do you do now that didn't do before COVID-19?,mind,,
28,240,3,Q71,COVID Behavior Change,New Behaviors,newBeh,NA,NA,NA,What do you do now that didn't do before COVID-19?,literally,,
28,241,3,Q71,COVID Behavior Change,New Behaviors,newBeh,NA,NA,NA,What do you do now that didn't do before COVID-19?,classes,school,
28,242,3,Q71,COVID Behavior Change,New Behaviors,newBeh,NA,NA,NA,What do you do now that didn't do before COVID-19?,not motivated,productivity,negative
28,243,3,Q71,COVID Behavior Change,New Behaviors,newBeh,NA,NA,NA,What do you do now that didn't do before COVID-19?,school,school,
28,244,3,Q71,COVID Behavior Change,New Behaviors,newBeh,NA,NA,NA,What do you do now that didn't do before COVID-19?,thrown,,
28,245,3,Q71,COVID Behavior Change,New Behaviors,newBeh,NA,NA,NA,What do you do now that didn't do before COVID-19?,trash,,
28,246,3,Q71,COVID Behavior Change,New Behaviors,newBeh,NA,NA,NA,What do you do now that didn't do before COVID-19?,thrown,,
28,247,3,Q71,COVID Behavior Change,New Behaviors,newBeh,NA,NA,NA,What do you do now that didn't do before COVID-19?,window,,
28,248,3,Q71,COVID Behavior Change,New Behaviors,newBeh,NA,NA,NA,What do you do now that didn't do before COVID-19?,ve,,
28,249,3,Q71,COVID Behavior Change,New Behaviors,newBeh,NA,NA,NA,What do you do now that didn't do before COVID-19?,reaching,,
28,250,3,Q71,COVID Behavior Change,New Behaviors,newBeh,NA,NA,NA,What do you do now that didn't do before COVID-19?,lot,,
28,251,3,Q71,COVID Behavior Change,New Behaviors,newBeh,NA,NA,NA,What do you do now that didn't do before COVID-19?,friends,nonfamily,
28,252,3,Q71,COVID Behavior Change,New Behaviors,newBeh,NA,NA,NA,What do you do now that didn't do before COVID-19?,haven,,
28,253,3,Q71,COVID Behavior Change,New Behaviors,newBeh,NA,NA,NA,What do you do now that didn't do before COVID-19?,spoken,communication,
28,254,3,Q71,COVID Behavior Change,New Behaviors,newBeh,NA,NA,NA,What do you do now that didn't do before COVID-19?,dedicating,,
28,255,3,Q71,COVID Behavior Change,New Behaviors,newBeh,NA,NA,NA,What do you do now that didn't do before COVID-19?,time,,
28,256,3,Q71,COVID Behavior Change,New Behaviors,newBeh,NA,NA,NA,What do you do now that didn't do before COVID-19?,screen time,media,
28,257,3,Q71,COVID Behavior Change,New Behaviors,newBeh,NA,NA,NA,What do you do now that didn't do before COVID-19?,activities,media,
28,258,3,Q71,COVID Behavior Change,New Behaviors,newBeh,NA,NA,NA,What do you do now that didn't do before COVID-19?,eyes started to fatigue,mood,negative
28,259,3,Q71,COVID Behavior Change,New Behaviors,newBeh,NA,NA,NA,What do you do now that didn't do before COVID-19?,easily,,
28,260,3,Q71,COVID Behavior Change,New Behaviors,newBeh,NA,NA,NA,What do you do now that didn't do before COVID-19?,play solitaire,games,
28,261,3,Q71,COVID Behavior Change,New Behaviors,newBeh,NA,NA,NA,What do you do now that didn't do before COVID-19?,knit,hobbies,
28,262,3,Q71,COVID Behavior Change,New Behaviors,newBeh,NA,NA,NA,What do you do now that didn't do before COVID-19?,read,hobbies,
28,263,3,Q71,COVID Behavior Change,New Behaviors,newBeh,NA,NA,NA,What do you do now that didn't do before COVID-19?,walks,exercise,
28,264,3,Q71,COVID Behavior Change,New Behaviors,newBeh,NA,NA,NA,What do you do now that didn't do before COVID-19?,puzzles,hobbies,
28,265,3,Q71,COVID Behavior Change,New Behaviors,newBeh,NA,NA,NA,What do you do now that didn't do before COVID-19?,listen to french podcasts,media,
29,266,3,Q69,COVID Behavior Change,Different Behaviors,diffBeh,NA,NA,NA,Which of your current behaviors are most different from your behaviors pre-COVID-19?,scared,mood,negative
29,267,3,Q69,COVID Behavior Change,Different Behaviors,diffBeh,NA,NA,NA,Which of your current behaviors are most different from your behaviors pre-COVID-19?,leave house,social distancing,
29,268,3,Q71,COVID Behavior Change,New Behaviors,newBeh,NA,NA,NA,What do you do now that didn't do before COVID-19?,stay indoors,social distancing,
30,269,3,Q69,COVID Behavior Change,Different Behaviors,diffBeh,NA,NA,NA,Which of your current behaviors are most different from your behaviors pre-COVID-19?,wear mask,social distancing,
30,270,3,Q69,COVID Behavior Change,Different Behaviors,diffBeh,NA,NA,NA,Which of your current behaviors are most different from your behaviors pre-COVID-19?,wash hands,sanitation,
30,271,3,Q69,COVID Behavior Change,Different Behaviors,diffBeh,NA,NA,NA,Which of your current behaviors are most different from your behaviors pre-COVID-19?,preparing food,hobbies,
30,272,3,Q69,COVID Behavior Change,Different Behaviors,diffBeh,NA,NA,NA,Which of your current behaviors are most different from your behaviors pre-COVID-19?,dining halls,location,
30,273,3,Q71,COVID Behavior Change,New Behaviors,newBeh,NA,NA,NA,What do you do now that didn't do before COVID-19?,wash hands,sanitation,
30,274,3,Q71,COVID Behavior Change,New Behaviors,newBeh,NA,NA,NA,What do you do now that didn't do before COVID-19?,wear mask,social distancing,
30,275,3,Q71,COVID Behavior Change,New Behaviors,newBeh,NA,NA,NA,What do you do now that didn't do before COVID-19?,wear gloves,sanitation,
30,276,3,Q71,COVID Behavior Change,New Behaviors,newBeh,NA,NA,NA,What do you do now that didn't do before COVID-19?,groceries,food,
30,277,3,Q71,COVID Behavior Change,New Behaviors,newBeh,NA,NA,NA,What do you do now that didn't do before COVID-19?,shopping,,
30,278,3,Q71,COVID Behavior Change,New Behaviors,newBeh,NA,NA,NA,What do you do now that didn't do before COVID-19?,prepare food,hobbies,
31,279,3,Q69,COVID Behavior Change,Different Behaviors,diffBeh,NA,NA,NA,Which of your current behaviors are most different from your behaviors pre-COVID-19?,don,,
31,280,3,Q69,COVID Behavior Change,Different Behaviors,diffBeh,NA,NA,NA,Which of your current behaviors are most different from your behaviors pre-COVID-19?,spend time,,
31,281,3,Q69,COVID Behavior Change,Different Behaviors,diffBeh,NA,NA,NA,Which of your current behaviors are most different from your behaviors pre-COVID-19?,friends,nonfamily,
31,282,3,Q69,COVID Behavior Change,Different Behaviors,diffBeh,NA,NA,NA,Which of your current behaviors are most different from your behaviors pre-COVID-19?,family,family,
31,283,3,Q71,COVID Behavior Change,New Behaviors,newBeh,NA,NA,NA,What do you do now that didn't do before COVID-19?,stay,location,
31,284,3,Q71,COVID Behavior Change,New Behaviors,newBeh,NA,NA,NA,What do you do now that didn't do before COVID-19?,inside,location,
31,285,3,Q71,COVID Behavior Change,New Behaviors,newBeh,NA,NA,NA,What do you do now that didn't do before COVID-19?,lot,,
31,286,3,Q71,COVID Behavior Change,New Behaviors,newBeh,NA,NA,NA,What do you do now that didn't do before COVID-19?,wash produce,sanitation,
31,287,3,Q71,COVID Behavior Change,New Behaviors,newBeh,NA,NA,NA,What do you do now that didn't do before COVID-19?,putting,,
31,288,3,Q71,COVID Behavior Change,New Behaviors,newBeh,NA,NA,NA,What do you do now that didn't do before COVID-19?,fridge,,
31,289,3,Q71,COVID Behavior Change,New Behaviors,newBeh,NA,NA,NA,What do you do now that didn't do before COVID-19?,wear gloves,sanitation,
31,290,3,Q71,COVID Behavior Change,New Behaviors,newBeh,NA,NA,NA,What do you do now that didn't do before COVID-19?,wear mask,social distancing,
31,291,3,Q71,COVID Behavior Change,New Behaviors,newBeh,NA,NA,NA,What do you do now that didn't do before COVID-19?,shopping,,
32,292,3,Q69,COVID Behavior Change,Different Behaviors,diffBeh,NA,NA,NA,Which of your current behaviors are most different from your behaviors pre-COVID-19?,wash hands,sanitation,
33,293,3,Q69,COVID Behavior Change,Different Behaviors,diffBeh,NA,NA,NA,Which of your current behaviors are most different from your behaviors pre-COVID-19?,sleep,sleep,
33,294,3,Q69,COVID Behavior Change,Different Behaviors,diffBeh,NA,NA,NA,Which of your current behaviors are most different from your behaviors pre-COVID-19?,interact,communication,
33,295,3,Q69,COVID Behavior Change,Different Behaviors,diffBeh,NA,NA,NA,Which of your current behaviors are most different from your behaviors pre-COVID-19?,day,,
33,296,3,Q69,COVID Behavior Change,Different Behaviors,diffBeh,NA,NA,NA,Which of your current behaviors are most different from your behaviors pre-COVID-19?,interaction,communication,
33,297,3,Q69,COVID Behavior Change,Different Behaviors,diffBeh,NA,NA,NA,Which of your current behaviors are most different from your behaviors pre-COVID-19?,person,,
33,298,3,Q69,COVID Behavior Change,Different Behaviors,diffBeh,NA,NA,NA,Which of your current behaviors are most different from your behaviors pre-COVID-19?,technology,media,
33,299,3,Q71,COVID Behavior Change,New Behaviors,newBeh,NA,NA,NA,What do you do now that didn't do before COVID-19?,live,,
33,300,3,Q71,COVID Behavior Change,New Behaviors,newBeh,NA,NA,NA,What do you do now that didn't do before COVID-19?,parents,family,
33,301,3,Q71,COVID Behavior Change,New Behaviors,newBeh,NA,NA,NA,What do you do now that didn't do before COVID-19?,house,location,
33,302,3,Q71,COVID Behavior Change,New Behaviors,newBeh,NA,NA,NA,What do you do now that didn't do before COVID-19?,wake,,
33,303,3,Q71,COVID Behavior Change,New Behaviors,newBeh,NA,NA,NA,What do you do now that didn't do before COVID-19?,day,,
33,304,3,Q71,COVID Behavior Change,New Behaviors,newBeh,NA,NA,NA,What do you do now that didn't do before COVID-19?,sleep,sleep,
33,305,3,Q71,COVID Behavior Change,New Behaviors,newBeh,NA,NA,NA,What do you do now that didn't do before COVID-19?,time,,
33,306,3,Q71,COVID Behavior Change,New Behaviors,newBeh,NA,NA,NA,What do you do now that didn't do before COVID-19?,call,communication,
33,307,3,Q71,COVID Behavior Change,New Behaviors,newBeh,NA,NA,NA,What do you do now that didn't do before COVID-19?,friends,nonfamily,
33,308,3,Q71,COVID Behavior Change,New Behaviors,newBeh,NA,NA,NA,What do you do now that didn't do before COVID-19?,day,,
33,309,3,Q71,COVID Behavior Change,New Behaviors,newBeh,NA,NA,NA,What do you do now that didn't do before COVID-19?,person,,
33,310,3,Q71,COVID Behavior Change,New Behaviors,newBeh,NA,NA,NA,What do you do now that didn't do before COVID-19?,read books,hobbies,
33,311,3,Q71,COVID Behavior Change,New Behaviors,newBeh,NA,NA,NA,What do you do now that didn't do before COVID-19?,watch tv,media,
33,312,3,Q71,COVID Behavior Change,New Behaviors,newBeh,NA,NA,NA,What do you do now that didn't do before COVID-19?,engage hobbies,hobbies,
33,313,3,Q71,COVID Behavior Change,New Behaviors,newBeh,NA,NA,NA,What do you do now that didn't do before COVID-19?,brother,family,
33,314,3,Q71,COVID Behavior Change,New Behaviors,newBeh,NA,NA,NA,What do you do now that didn't do before COVID-19?,day,,
33,315,3,Q71,COVID Behavior Change,New Behaviors,newBeh,NA,NA,NA,What do you do now that didn't do before COVID-19?,spending time,,
33,316,3,Q71,COVID Behavior Change,New Behaviors,newBeh,NA,NA,NA,What do you do now that didn't do before COVID-19?,hobbies,hobbies,
33,317,3,Q71,COVID Behavior Change,New Behaviors,newBeh,NA,NA,NA,What do you do now that didn't do before COVID-19?,cook meals,hobbies,
34,318,3,Q69,COVID Behavior Change,Different Behaviors,diffBeh,NA,NA,NA,Which of your current behaviors are most different from your behaviors pre-COVID-19?,interactions,communication,
34,319,3,Q69,COVID Behavior Change,Different Behaviors,diffBeh,NA,NA,NA,Which of your current behaviors are most different from your behaviors pre-COVID-19?,friends,nonfamily,
34,320,3,Q69,COVID Behavior Change,Different Behaviors,diffBeh,NA,NA,NA,Which of your current behaviors are most different from your behaviors pre-COVID-19?,video chat,communication,
34,321,3,Q71,COVID Behavior Change,New Behaviors,newBeh,NA,NA,NA,What do you do now that didn't do before COVID-19?,living at family home,location,
35,322,3,Q69,COVID Behavior Change,Different Behaviors,diffBeh,NA,NA,NA,Which of your current behaviors are most different from your behaviors pre-COVID-19?,social distancing,social distancing,
35,323,3,Q71,COVID Behavior Change,New Behaviors,newBeh,NA,NA,NA,What do you do now that didn't do before COVID-19?,social distancing,social distancing,
37,324,3,Q69,COVID Behavior Change,Different Behaviors,diffBeh,NA,NA,NA,Which of your current behaviors are most different from your behaviors pre-COVID-19?,living at home,,
37,325,3,Q69,COVID Behavior Change,Different Behaviors,diffBeh,NA,NA,NA,Which of your current behaviors are most different from your behaviors pre-COVID-19?,social distancing,social distancing,
37,326,3,Q71,COVID Behavior Change,New Behaviors,newBeh,NA,NA,NA,What do you do now that didn't do before COVID-19?,wore,social distancing,
37,327,3,Q71,COVID Behavior Change,New Behaviors,newBeh,NA,NA,NA,What do you do now that didn't do before COVID-19?,wear mask,social distancing,
37,328,3,Q71,COVID Behavior Change,New Behaviors,newBeh,NA,NA,NA,What do you do now that didn't do before COVID-19?,walks,exercise,
37,329,3,Q71,COVID Behavior Change,New Behaviors,newBeh,NA,NA,NA,What do you do now that didn't do before COVID-19?,regularly,,
37,330,3,Q71,COVID Behavior Change,New Behaviors,newBeh,NA,NA,NA,What do you do now that didn't do before COVID-19?,lived at home,location,
38,331,3,Q69,COVID Behavior Change,Different Behaviors,diffBeh,NA,NA,NA,Which of your current behaviors are most different from your behaviors pre-COVID-19?,current behavior,,
38,332,3,Q69,COVID Behavior Change,Different Behaviors,diffBeh,NA,NA,NA,Which of your current behaviors are most different from your behaviors pre-COVID-19?,remaining inside,social distancing,
38,333,3,Q69,COVID Behavior Change,Different Behaviors,diffBeh,NA,NA,NA,Which of your current behaviors are most different from your behaviors pre-COVID-19?,day,,
38,334,3,Q69,COVID Behavior Change,Different Behaviors,diffBeh,NA,NA,NA,Which of your current behaviors are most different from your behaviors pre-COVID-19?,behavior,,
38,335,3,Q71,COVID Behavior Change,New Behaviors,newBeh,NA,NA,NA,What do you do now that didn't do before COVID-19?,inside,social distancing,
38,336,3,Q71,COVID Behavior Change,New Behaviors,newBeh,NA,NA,NA,What do you do now that didn't do before COVID-19?,rarely leave house,social distancing,
38,337,3,Q71,COVID Behavior Change,New Behaviors,newBeh,NA,NA,NA,What do you do now that didn't do before COVID-19?,groceries,food,
38,338,3,Q71,COVID Behavior Change,New Behaviors,newBeh,NA,NA,NA,What do you do now that didn't do before COVID-19?,classes online,school,
38,339,3,Q71,COVID Behavior Change,New Behaviors,newBeh,NA,NA,NA,What do you do now that didn't do before COVID-19?,makes,,
38,340,3,Q71,COVID Behavior Change,New Behaviors,newBeh,NA,NA,NA,What do you do now that didn't do before COVID-19?,not motivated,productivity,negative
39,341,3,Q69,COVID Behavior Change,Different Behaviors,diffBeh,NA,NA,NA,Which of your current behaviors are most different from your behaviors pre-COVID-19?,basically,,
39,342,3,Q69,COVID Behavior Change,Different Behaviors,diffBeh,NA,NA,NA,Which of your current behaviors are most different from your behaviors pre-COVID-19?,question,,
39,343,3,Q71,COVID Behavior Change,New Behaviors,newBeh,NA,NA,NA,What do you do now that didn't do before COVID-19?,watch tv,media,
39,344,3,Q71,COVID Behavior Change,New Behaviors,newBeh,NA,NA,NA,What do you do now that didn't do before COVID-19?,past,,
39,345,3,Q71,COVID Behavior Change,New Behaviors,newBeh,NA,NA,NA,What do you do now that didn't do before COVID-19?,play piano,hobbies,
39,346,3,Q71,COVID Behavior Change,New Behaviors,newBeh,NA,NA,NA,What do you do now that didn't do before COVID-19?,walks,exercise,
39,347,3,Q71,COVID Behavior Change,New Behaviors,newBeh,NA,NA,NA,What do you do now that didn't do before COVID-19?,family,family,
39,348,3,Q71,COVID Behavior Change,New Behaviors,newBeh,NA,NA,NA,What do you do now that didn't do before COVID-19?,wash hands,sanitation,
39,349,3,Q71,COVID Behavior Change,New Behaviors,newBeh,NA,NA,NA,What do you do now that didn't do before COVID-19?,stay indoors,social distancing,
39,350,3,Q71,COVID Behavior Change,New Behaviors,newBeh,NA,NA,NA,What do you do now that didn't do before COVID-19?,shelter,social distancing,
39,351,3,Q71,COVID Behavior Change,New Behaviors,newBeh,NA,NA,NA,What do you do now that didn't do before COVID-19?,lot,,
39,352,3,Q71,COVID Behavior Change,New Behaviors,newBeh,NA,NA,NA,What do you do now that didn't do before COVID-19?,video chat,communication,
41,353,3,Q69,COVID Behavior Change,Different Behaviors,diffBeh,NA,NA,NA,Which of your current behaviors are most different from your behaviors pre-COVID-19?,significantly,,
41,354,3,Q69,COVID Behavior Change,Different Behaviors,diffBeh,NA,NA,NA,Which of your current behaviors are most different from your behaviors pre-COVID-19?,active,exercise,
41,355,3,Q69,COVID Behavior Change,Different Behaviors,diffBeh,NA,NA,NA,Which of your current behaviors are most different from your behaviors pre-COVID-19?,not motivated,productivity,negative
41,356,3,Q69,COVID Behavior Change,Different Behaviors,diffBeh,NA,NA,NA,Which of your current behaviors are most different from your behaviors pre-COVID-19?,extreme,,
41,357,3,Q69,COVID Behavior Change,Different Behaviors,diffBeh,NA,NA,NA,Which of your current behaviors are most different from your behaviors pre-COVID-19?,difficulty,mood,negative
41,358,3,Q69,COVID Behavior Change,Different Behaviors,diffBeh,NA,NA,NA,Which of your current behaviors are most different from your behaviors pre-COVID-19?,academic,school,
41,359,3,Q69,COVID Behavior Change,Different Behaviors,diffBeh,NA,NA,NA,Which of your current behaviors are most different from your behaviors pre-COVID-19?,enjoyed,,
41,360,3,Q71,COVID Behavior Change,New Behaviors,newBeh,NA,NA,NA,What do you do now that didn't do before COVID-19?,unproductive,mood,negative
41,361,3,Q71,COVID Behavior Change,New Behaviors,newBeh,NA,NA,NA,What do you do now that didn't do before COVID-19?,play guitar,hobbies,
41,362,3,Q71,COVID Behavior Change,New Behaviors,newBeh,NA,NA,NA,What do you do now that didn't do before COVID-19?,specific,,
41,363,3,Q71,COVID Behavior Change,New Behaviors,newBeh,NA,NA,NA,What do you do now that didn't do before COVID-19?,creative,hobbies,
41,364,3,Q71,COVID Behavior Change,New Behaviors,newBeh,NA,NA,NA,What do you do now that didn't do before COVID-19?,plans,,
41,365,3,Q71,COVID Behavior Change,New Behaviors,newBeh,NA,NA,NA,What do you do now that didn't do before COVID-19?,future,time,
42,366,3,Q69,COVID Behavior Change,Different Behaviors,diffBeh,NA,NA,NA,Which of your current behaviors are most different from your behaviors pre-COVID-19?,friends,nonfamily,
42,367,3,Q69,COVID Behavior Change,Different Behaviors,diffBeh,NA,NA,NA,Which of your current behaviors are most different from your behaviors pre-COVID-19?,apartments,location,
42,368,3,Q69,COVID Behavior Change,Different Behaviors,diffBeh,NA,NA,NA,Which of your current behaviors are most different from your behaviors pre-COVID-19?,grocery store,food,
42,369,3,Q71,COVID Behavior Change,New Behaviors,newBeh,NA,NA,NA,What do you do now that didn't do before COVID-19?,main,,
42,370,3,Q71,COVID Behavior Change,New Behaviors,newBeh,NA,NA,NA,What do you do now that didn't do before COVID-19?,spending time,,
42,371,3,Q71,COVID Behavior Change,New Behaviors,newBeh,NA,NA,NA,What do you do now that didn't do before COVID-19?,home,location,
42,372,3,Q71,COVID Behavior Change,New Behaviors,newBeh,NA,NA,NA,What do you do now that didn't do before COVID-19?,friends,nonfamily,
42,373,3,Q71,COVID Behavior Change,New Behaviors,newBeh,NA,NA,NA,What do you do now that didn't do before COVID-19?,occasionally,,
42,374,3,Q71,COVID Behavior Change,New Behaviors,newBeh,NA,NA,NA,What do you do now that didn't do before COVID-19?,grocery store,food,
43,375,3,Q69,COVID Behavior Change,Different Behaviors,diffBeh,NA,NA,NA,Which of your current behaviors are most different from your behaviors pre-COVID-19?,amount,,
43,377,3,Q69,COVID Behavior Change,Different Behaviors,diffBeh,NA,NA,NA,Which of your current behaviors are most different from your behaviors pre-COVID-19?,spending time,,
43,378,3,Q69,COVID Behavior Change,Different Behaviors,diffBeh,NA,NA,NA,Which of your current behaviors are most different from your behaviors pre-COVID-19?,schoolwork,school,
43,379,3,Q69,COVID Behavior Change,Different Behaviors,diffBeh,NA,NA,NA,Which of your current behaviors are most different from your behaviors pre-COVID-19?,significantly,,
43,380,3,Q69,COVID Behavior Change,Different Behaviors,diffBeh,NA,NA,NA,Which of your current behaviors are most different from your behaviors pre-COVID-19?,decreased,,
44,381,3,Q69,COVID Behavior Change,Different Behaviors,diffBeh,NA,NA,NA,Which of your current behaviors are most different from your behaviors pre-COVID-19?,feeling gratitude,mood,positive
44,382,3,Q69,COVID Behavior Change,Different Behaviors,diffBeh,NA,NA,NA,Which of your current behaviors are most different from your behaviors pre-COVID-19?,everyday,,
44,383,3,Q71,COVID Behavior Change,New Behaviors,newBeh,NA,NA,NA,What do you do now that didn't do before COVID-19?,walks,exercise,
44,384,3,Q71,COVID Behavior Change,New Behaviors,newBeh,NA,NA,NA,What do you do now that didn't do before COVID-19?,learn,hobbies,
44,385,3,Q71,COVID Behavior Change,New Behaviors,newBeh,NA,NA,NA,What do you do now that didn't do before COVID-19?,hobbies,hobbies,
44,386,3,Q71,COVID Behavior Change,New Behaviors,newBeh,NA,NA,NA,What do you do now that didn't do before COVID-19?,read books,hobbies,
46,387,3,Q69,COVID Behavior Change,Different Behaviors,diffBeh,NA,NA,NA,Which of your current behaviors are most different from your behaviors pre-COVID-19?,do not leave house,,
46,388,3,Q69,COVID Behavior Change,Different Behaviors,diffBeh,NA,NA,NA,Which of your current behaviors are most different from your behaviors pre-COVID-19?,don't dress up dress,appearance,
46,389,3,Q69,COVID Behavior Change,Different Behaviors,diffBeh,NA,NA,NA,Which of your current behaviors are most different from your behaviors pre-COVID-19?,don't wear makeup,appearance,
46,390,3,Q69,COVID Behavior Change,Different Behaviors,diffBeh,NA,NA,NA,Which of your current behaviors are most different from your behaviors pre-COVID-19?,anymore,,
46,391,3,Q71,COVID Behavior Change,New Behaviors,newBeh,NA,NA,NA,What do you do now that didn't do before COVID-19?,cook,hobbies,
46,392,3,Q71,COVID Behavior Change,New Behaviors,newBeh,NA,NA,NA,What do you do now that didn't do before COVID-19?,spending time,,
46,393,3,Q71,COVID Behavior Change,New Behaviors,newBeh,NA,NA,NA,What do you do now that didn't do before COVID-19?,home,location,
46,394,3,Q71,COVID Behavior Change,New Behaviors,newBeh,NA,NA,NA,What do you do now that didn't do before COVID-19?,don,,
46,395,3,Q71,COVID Behavior Change,New Behaviors,newBeh,NA,NA,NA,What do you do now that didn't do before COVID-19?,dont socialize,communication,
46,396,3,Q71,COVID Behavior Change,New Behaviors,newBeh,NA,NA,NA,What do you do now that didn't do before COVID-19?,anymore,,
46,397,3,Q71,COVID Behavior Change,New Behaviors,newBeh,NA,NA,NA,What do you do now that didn't do before COVID-19?,comfortable,,
48,398,3,Q69,COVID Behavior Change,Different Behaviors,diffBeh,NA,NA,NA,Which of your current behaviors are most different from your behaviors pre-COVID-19?,spending time,,
48,399,3,Q69,COVID Behavior Change,Different Behaviors,diffBeh,NA,NA,NA,Which of your current behaviors are most different from your behaviors pre-COVID-19?,unproductive,mood,negative
48,400,3,Q69,COVID Behavior Change,Different Behaviors,diffBeh,NA,NA,NA,Which of your current behaviors are most different from your behaviors pre-COVID-19?,watch tv,media,
48,401,3,Q71,COVID Behavior Change,New Behaviors,newBeh,NA,NA,NA,What do you do now that didn't do before COVID-19?,watch netflix,media,
48,402,3,Q71,COVID Behavior Change,New Behaviors,newBeh,NA,NA,NA,What do you do now that didn't do before COVID-19?,walks,exercise,
48,403,3,Q71,COVID Behavior Change,New Behaviors,newBeh,NA,NA,NA,What do you do now that didn't do before COVID-19?,run,exercise,
48,404,3,Q71,COVID Behavior Change,New Behaviors,newBeh,NA,NA,NA,What do you do now that didn't do before COVID-19?,bike,exercise,
48,405,3,Q71,COVID Behavior Change,New Behaviors,newBeh,NA,NA,NA,What do you do now that didn't do before COVID-19?,rides,exercise,
49,406,3,Q69,COVID Behavior Change,Different Behaviors,diffBeh,NA,NA,NA,Which of your current behaviors are most different from your behaviors pre-COVID-19?,spending time,,
49,407,3,Q69,COVID Behavior Change,Different Behaviors,diffBeh,NA,NA,NA,Which of your current behaviors are most different from your behaviors pre-COVID-19?,run,exercise,
49,408,3,Q69,COVID Behavior Change,Different Behaviors,diffBeh,NA,NA,NA,Which of your current behaviors are most different from your behaviors pre-COVID-19?,house,location,
49,409,3,Q71,COVID Behavior Change,New Behaviors,newBeh,NA,NA,NA,What do you do now that didn't do before COVID-19?,spend time,,
49,410,3,Q71,COVID Behavior Change,New Behaviors,newBeh,NA,NA,NA,What do you do now that didn't do before COVID-19?,home,location,
49,411,3,Q71,COVID Behavior Change,New Behaviors,newBeh,NA,NA,NA,What do you do now that didn't do before COVID-19?,family,family,
50,412,3,Q71,COVID Behavior Change,New Behaviors,newBeh,NA,NA,NA,What do you do now that didn't do before COVID-19?,playing video games,games,
51,413,3,Q69,COVID Behavior Change,Different Behaviors,diffBeh,NA,NA,NA,Which of your current behaviors are most different from your behaviors pre-COVID-19?,washing hands,sanitation,
51,414,3,Q69,COVID Behavior Change,Different Behaviors,diffBeh,NA,NA,NA,Which of your current behaviors are most different from your behaviors pre-COVID-19?,sanitizing objects,sanitation,
51,415,3,Q71,COVID Behavior Change,New Behaviors,newBeh,NA,NA,NA,What do you do now that didn't do before COVID-19?,dog walks,pets,
51,416,3,Q71,COVID Behavior Change,New Behaviors,newBeh,NA,NA,NA,What do you do now that didn't do before COVID-19?,walks,exercise,